city,county_name,state_id,lat,lng,population
Los Angeles,Los Angeles,CA,34.1139,-118.4068,12750807
San Francisco,San Francisco,CA,37.7562,-122.443,3592294
San Diego,San Diego,CA,32.8312,-117.1225,3220118
Riverside,Riverside,CA,33.9381,-117.3948,2107852
Sacramento,Sacramento,CA,38.5667,-121.4683,1898019
San Jose,Santa Clara,CA,37.3019,-121.8486,1798103
Fresno,Fresno,CA,36.7831,-119.7941,703498
Concord,Contra Costa,CA,37.9722,-122.0016,652308
Mission Viejo,Orange,CA,33.6095,-117.655,590249
Bakersfield,Kern,CA,35.3529,-119.0359,579295
Murrieta,Riverside,CA,33.572,-117.1909,496046
Long Beach,Los Angeles,CA,33.7981,-118.1675,462628
Oakland,Alameda,CA,37.7903,-122.2165,433031
Indio,Riverside,CA,33.7346,-116.2346,417059
Stockton,San Joaquin,CA,37.9765,-121.3109,397264
Oxnard,Ventura,CA,34.1963,-119.1815,387647
Modesto,Stanislaus,CA,37.6374,-121.0028,383134
Anaheim,Orange,CA,33.839,-117.8572,350365
Victorville,San Bernardino,CA,34.5277,-117.3536,346789
Lancaster,Los Angeles,CA,34.6935,-118.1753,343304
Santa Ana,Orange,CA,33.7366,-117.8819,332318
Santa Rosa,Sonoma,CA,38.4458,-122.7067,324634
Santa Clarita,Los Angeles,CA,34.4175,-118.4964,312446
Antioch,Contra Costa,CA,37.9789,-121.7958,302419
Irvine,Orange,CA,33.6772,-117.7738,287401
Chula Vista,San Diego,CA,32.6281,-117.0145,274492
Fremont,Alameda,CA,37.5265,-121.9852,241110
Visalia,Tulare,CA,36.3276,-119.3269,237386
San Bernardino,San Bernardino,CA,34.1417,-117.2946,215784
Thousand Oaks,Ventura,CA,34.1914,-118.8755,215029
Fontana,San Bernardino,CA,34.0968,-117.4599,214547
Moreno Valley,Riverside,CA,33.9244,-117.2045,213055
Santa Barbara,Santa Barbara,CA,34.4285,-119.7202,202401
Glendale,Los Angeles,CA,34.1818,-118.2468,199303
Huntington Beach,Orange,CA,33.696,-118.0025,199223
Salinas,Monterey,CA,36.6884,-121.6317,190972
Ontario,San Bernardino,CA,34.0393,-117.6064,185010
Rancho Cucamonga,San Bernardino,CA,34.1248,-117.5666,177603
Hemet,Riverside,CA,33.7341,-116.9969,177253
Santa Cruz,Santa Cruz,CA,36.9789,-122.0346,176428
Oceanside,San Diego,CA,33.2247,-117.3083,175742
Elk Grove,Sacramento,CA,38.416,-121.3842,174775
Vallejo,Solano,CA,38.1133,-122.2358,173256
Garden Grove,Orange,CA,33.7787,-117.9601,171644
Corona,Riverside,CA,33.8616,-117.5649,169868
Hayward,Alameda,CA,37.6328,-122.0772,159203
Palmdale,Los Angeles,CA,34.5944,-118.1057,155079
Sunnyvale,Santa Clara,CA,37.3836,-122.0256,152703
Pomona,Los Angeles,CA,34.0585,-117.7626,151691
Escondido,San Diego,CA,33.1347,-117.0722,151625
Fairfield,Solano,CA,38.2592,-122.0324,148683
Merced,Merced,CA,37.3057,-120.4778,145149
Torrance,Los Angeles,CA,33.8346,-118.3417,143592
Roseville,Placer,CA,38.7703,-121.3196,141500
Pasadena,Los Angeles,CA,34.1597,-118.139,141029
Santa Maria,Santa Barbara,CA,34.9334,-120.4432,140545
Orange,Orange,CA,33.8038,-117.8218,138669
Fullerton,Orange,CA,33.8841,-117.9279,138632
Santa Clara,Santa Clara,CA,37.3645,-121.968,130365
Simi Valley,Ventura,CA,34.2663,-118.749,126589
Berkeley,Alameda,CA,37.8723,-122.276,121363
Redding,Shasta,CA,40.5698,-122.365,121313
Yuba City,Sutter,CA,39.1357,-121.6381,120456
East Los Angeles,Los Angeles,CA,34.0326,-118.1691,119827
Gilroy,Santa Clara,CA,37.0047,-121.5855,118993
Chico,Butte,CA,39.7575,-121.8152,117668
Seaside,Monterey,CA,36.6224,-121.8191,116720
El Monte,Los Angeles,CA,34.0739,-118.0291,115487
Carlsbad,San Diego,CA,33.1247,-117.2837,115382
Temecula,Riverside,CA,33.4928,-117.1315,114761
Clovis,Fresno,CA,36.8278,-119.6831,114584
Costa Mesa,Orange,CA,33.6667,-117.9135,113003
El Centro,Imperial,CA,32.7867,-115.5586,111425
Downey,Los Angeles,CA,33.9379,-118.1312,111126
Richmond,Contra Costa,CA,37.9477,-122.339,110567
Jurupa Valley,Riverside,CA,34.001,-117.4705,109527
San Buenaventura,Ventura,CA,34.2741,-119.2314,109106
Inglewood,Los Angeles,CA,33.9566,-118.3444,108151
Turlock,Stanislaus,CA,37.5053,-120.8588,107317
Daly City,San Mateo,CA,37.6862,-122.4685,106280
West Covina,Los Angeles,CA,34.0555,-117.9112,105101
San Mateo,San Mateo,CA,37.5521,-122.3122,104430
Norwalk,Los Angeles,CA,33.9069,-118.0829,103949
Rialto,San Bernardino,CA,34.1174,-117.3894,103526
Manteca,San Joaquin,CA,37.7927,-121.2264,103420
El Cajon,San Diego,CA,32.8017,-116.9605,102708
Burbank,Los Angeles,CA,34.1879,-118.3235,102511
Vista,San Diego,CA,33.1896,-117.2386,101638
Vacaville,Solano,CA,38.359,-121.968,101444
Arden-Arcade,Sacramento,CA,38.6034,-121.381,100548
Tracy,San Joaquin,CA,37.7269,-121.4522,100049
San Marcos,San Diego,CA,33.135,-117.1744,96664
Hesperia,San Bernardino,CA,34.3975,-117.3147,95750
Compton,Los Angeles,CA,33.893,-118.2275,95605
Menifee,Riverside,CA,33.6909,-117.1849,94756
Chino,San Bernardino,CA,33.9836,-117.6654,94371
Hanford,Kings,CA,36.3274,-119.6549,94028
South Gate,Los Angeles,CA,33.9448,-118.1926,93444
Carson,Los Angeles,CA,33.8374,-118.2559,91394
Livermore,Alameda,CA,37.6862,-121.7608,90923
Westminster,Orange,CA,33.7523,-117.9938,90643
Santa Monica,Los Angeles,CA,34.0232,-118.4813,90401
San Leandro,Alameda,CA,37.7071,-122.1601,88815
Citrus Heights,Sacramento,CA,38.6948,-121.288,87796
Hawthorne,Los Angeles,CA,33.9146,-118.3476,86068
Redwood City,San Mateo,CA,37.5026,-122.2252,85925
Lake Forest,Orange,CA,33.6606,-117.6712,85531
Napa,Napa,CA,38.2976,-122.3011,85239
Whittier,Los Angeles,CA,33.9678,-118.0188,85098
Newport Beach,Orange,CA,33.6151,-117.8669,84534
Milpitas,Santa Clara,CA,37.4339,-121.8921,84196
Madera,Madera,CA,36.9631,-120.0782,84086
Chino Hills,San Bernardino,CA,33.9508,-117.7253,83853
Alhambra,Los Angeles,CA,34.084,-118.1355,83750
Mountain View,Santa Clara,CA,37.4,-122.0796,82739
Buena Park,Orange,CA,33.8572,-118.0046,81788
Pleasanton,Alameda,CA,37.6663,-121.8805,81777
Folsom,Sacramento,CA,38.6668,-121.1422,81328
Tustin,Orange,CA,33.7309,-117.8106,79348
Lakewood,Los Angeles,CA,33.8471,-118.1221,79307
Perris,Riverside,CA,33.7899,-117.2233,79291
Alameda,Alameda,CA,37.767,-122.2672,77624
Watsonville,Santa Cruz,CA,36.9206,-121.7706,77352
Porterville,Tulare,CA,36.0644,-119.0338,77318
Upland,San Bernardino,CA,34.1178,-117.6603,77140
Davis,Yolo,CA,38.5552,-121.7365,76997
Camarillo,Ventura,CA,34.223,-119.0322,76931
Bellflower,Los Angeles,CA,33.888,-118.1271,76435
San Ramon,Contra Costa,CA,37.7625,-121.9365,75995
Baldwin Park,Los Angeles,CA,34.0829,-117.9721,75251
Rancho Cordova,Sacramento,CA,38.574,-121.2523,75087
Lodi,San Joaquin,CA,38.1218,-121.2932,74773
Union City,Alameda,CA,37.603,-122.0187,74107
Apple Valley,San Bernardino,CA,34.5328,-117.2104,73453
Pittsburg,Contra Costa,CA,38.0182,-121.8964,72588
Redlands,San Bernardino,CA,34.0511,-117.1712,71513
El Paso de Robles,San Luis Obispo,CA,35.6394,-120.656,70248
Walnut Creek,Contra Costa,CA,37.9024,-122.0398,70166
Lynwood,Los Angeles,CA,33.924,-118.2017,69887
Lake Elsinore,Riverside,CA,33.6847,-117.3344,69283
Rocklin,Placer,CA,38.8075,-121.2488,68823
South San Francisco,San Mateo,CA,37.6536,-122.4197,67789
Yorba Linda,Orange,CA,33.889,-117.7714,67644
Petaluma,Sonoma,CA,38.2423,-122.6267,66929
Redondo Beach,Los Angeles,CA,33.8574,-118.3766,66749
Laguna Niguel,Orange,CA,33.5275,-117.705,66385
Tulare,Tulare,CA,36.1996,-119.34,65496
Palo Alto,Santa Clara,CA,37.3913,-122.1468,65364
Dublin,Alameda,CA,37.7161,-121.8963,64826
Carmichael,Sacramento,CA,38.6337,-121.323,64785
San Clemente,Orange,CA,33.4498,-117.6103,64558
Brentwood,Contra Costa,CA,37.9355,-121.7191,64474
Florence-Graham,Los Angeles,CA,33.9682,-118.2447,64162
Eastvale,Riverside,CA,33.9617,-117.5802,64157
Castro Valley,Alameda,CA,37.7091,-122.0631,63288
Encinitas,San Diego,CA,33.049,-117.2613,62709
San Luis Obispo,San Luis Obispo,CA,35.2669,-120.6691,62290
Pico Rivera,Los Angeles,CA,33.9902,-118.0888,62027
Montebello,Los Angeles,CA,34.0155,-118.1108,61954
National City,San Diego,CA,32.6654,-117.0983,61394
Woodland,Yolo,CA,38.6712,-121.75,60598
La Habra,Orange,CA,33.9278,-117.9513,60513
South Whittier,Los Angeles,CA,33.9336,-118.0311,60096
Monterey Park,Los Angeles,CA,34.0497,-118.1326,59669
Gardena,Los Angeles,CA,33.8944,-118.3073,59329
Cupertino,Santa Clara,CA,37.3168,-122.0465,59276
La Mesa,San Diego,CA,32.7703,-117.0204,59249
San Rafael,Marin,CA,37.9905,-122.5222,58440
Santee,San Diego,CA,32.8554,-116.9851,58081
Arcadia,Los Angeles,CA,34.1342,-118.0373,57939
Huntington Park,Los Angeles,CA,33.98,-118.2167,57509
Diamond Bar,Los Angeles,CA,33.9991,-117.8161,55720
Novato,Marin,CA,38.092,-122.5576,55516
Highland,San Bernardino,CA,34.1113,-117.1654,55417
Fountain Valley,Orange,CA,33.7105,-117.9514,55357
Cathedral City,Riverside,CA,33.8363,-116.4642,55007
Hacienda Heights,Los Angeles,CA,33.997,-117.9728,54970
Delano,Kern,CA,35.767,-119.2637,54917
Colton,San Bernardino,CA,34.0538,-117.3254,54824
Arroyo Grande,San Luis Obispo,CA,35.1241,-120.5845,54177
Rosemead,Los Angeles,CA,34.0689,-118.0823,54058
Paramount,Los Angeles,CA,33.8976,-118.1652,53955
Yucaipa,San Bernardino,CA,34.0336,-117.0429,53921
West Sacramento,Yolo,CA,38.5557,-121.5504,53519
Palm Desert,Riverside,CA,33.7378,-116.3695,53275
Lompoc,Santa Barbara,CA,34.6618,-120.4714,52020
Glendora,Los Angeles,CA,34.1449,-117.8468,51544
Placentia,Orange,CA,33.8807,-117.8553,51233
Beaumont,Riverside,CA,33.9076,-116.9766,51063
Aliso Viejo,Orange,CA,33.5792,-117.7289,50887
Rowland Heights,Los Angeles,CA,33.9716,-117.8911,50602
Azusa,Los Angeles,CA,34.1386,-117.9124,49974
Cerritos,Los Angeles,CA,33.8677,-118.0686,49859
Oroville,Butte,CA,39.4999,-121.5634,49513
Poway,San Diego,CA,32.9871,-117.0201,49323
San Jacinto,Riverside,CA,33.797,-116.9916,49215
Newark,Alameda,CA,37.5204,-122.0312,49149
Florin,Sacramento,CA,38.4832,-121.4042,49132
Reedley,Fresno,CA,36.5987,-119.4473,49042
Cypress,Orange,CA,33.8171,-118.0386,49006
Hollister,San Benito,CA,36.8563,-121.3981,48992
North Highlands,Sacramento,CA,38.6713,-121.3721,48968
Ceres,Stanislaus,CA,37.5953,-120.9625,48706
Palm Springs,Riverside,CA,33.8017,-116.5382,48518
Lincoln,Placer,CA,38.8759,-121.2916,48275
La Mirada,Los Angeles,CA,33.9025,-118.0093,48183
Rancho Santa Margarita,Orange,CA,33.6318,-117.5989,47896
Covina,Los Angeles,CA,34.0903,-117.8817,47450
Antelope,Sacramento,CA,38.7153,-121.361,47326
Morgan Hill,Santa Clara,CA,37.1326,-121.6417,45952
Coachella,Riverside,CA,33.6905,-116.143,45743
El Dorado Hills,El Dorado,CA,38.675,-121.049,45599
Altadena,Los Angeles,CA,34.1928,-118.1345,45146
Selma,Fresno,CA,36.5715,-119.6143,44703
Danville,Contra Costa,CA,37.8121,-121.9698,44510
Eureka,Humboldt,CA,40.7942,-124.1568,44236
Desert Hot Springs,Riverside,CA,33.9551,-116.543,43914
Rohnert Park,Sonoma,CA,38.348,-122.6964,43291
Brea,Orange,CA,33.9254,-117.8656,43255
San Bruno,San Mateo,CA,37.6254,-122.4313,42807
Oakley,Contra Costa,CA,37.9929,-121.6951,42543
Bell Gardens,Los Angeles,CA,33.9663,-118.155,42012
Campbell,Santa Clara,CA,37.2802,-121.9538,41793
La Quinta,Riverside,CA,33.6536,-116.2785,41748
Rancho Palos Verdes,Los Angeles,CA,33.7554,-118.3637,41530
Los Banos,Merced,CA,37.063,-120.8406,40972
Montclair,San Bernardino,CA,34.0714,-117.698,40083
San Gabriel,Los Angeles,CA,34.0948,-118.099,39899
Calexico,Imperial,CA,32.6849,-115.4944,39825
La Puente,Los Angeles,CA,34.0323,-117.9533,39614
Culver City,Los Angeles,CA,34.0058,-118.3968,39185
Pacifica,San Mateo,CA,37.6112,-122.4781,38546
Martinez,Contra Costa,CA,37.9985,-122.116,38297
Stanton,Orange,CA,33.8002,-117.9935,38139
La Presa,San Diego,CA,32.711,-117.0027,37437
Wildomar,Riverside,CA,33.6173,-117.2582,37229
West Hollywood,Los Angeles,CA,34.0882,-118.3718,36475
Moorpark,Ventura,CA,34.2855,-118.877,36375
Monrovia,Los Angeles,CA,34.165,-117.9921,36331
Claremont,Los Angeles,CA,34.1259,-117.7153,36266
San Juan Capistrano,Orange,CA,33.5009,-117.6544,35911
Temple City,Los Angeles,CA,34.1021,-118.0579,35811
Bell,Los Angeles,CA,33.9801,-118.1798,35521
Auburn,Placer,CA,38.895,-121.0778,35311
Manhattan Beach,Los Angeles,CA,33.8895,-118.3972,35183
Pleasant Hill,Contra Costa,CA,37.954,-122.0759,34839
Orangevale,Sacramento,CA,38.6881,-121.2209,34757
Oildale,Kern,CA,35.4249,-119.0279,34723
Menlo Park,San Mateo,CA,37.4686,-122.1672,34698
Arcata,Humboldt,CA,40.8615,-124.0757,34616
Grass Valley,Nevada,CA,39.2237,-121.0521,34196
Adelanto,San Bernardino,CA,34.5815,-117.4397,34049
Foster City,San Mateo,CA,37.5553,-122.2659,33901
Sonoma,Sonoma,CA,38.2902,-122.4598,33831
French Valley,Riverside,CA,33.5998,-117.1069,33818
Beverly Hills,Los Angeles,CA,34.0786,-118.4021,33792
Foothill Farms,Sacramento,CA,38.6867,-121.3475,33749
Westmont,Los Angeles,CA,33.9417,-118.3018,33723
San Dimas,Los Angeles,CA,34.1082,-117.809,33621
Dana Point,Orange,CA,33.4733,-117.6968,33577
Fallbrook,San Diego,CA,33.3693,-117.2259,33021
Ridgecrest,Kern,CA,35.6308,-117.6621,32684
Lawndale,Los Angeles,CA,33.8884,-118.3531,32389
La Verne,Los Angeles,CA,34.1208,-117.7702,31974
Placerville,El Dorado,CA,38.7308,-120.7978,31943
Spring Valley,San Diego,CA,32.7316,-116.9766,31591
Banning,Riverside,CA,33.946,-116.8992,31221
Laguna Hills,Orange,CA,33.592,-117.6992,31207
Fair Oaks,Sacramento,CA,38.6504,-121.2497,31002
San Pablo,Contra Costa,CA,37.9628,-122.3425,30990
Goleta,Santa Barbara,CA,34.436,-119.8596,30911
Burlingame,San Mateo,CA,37.586,-122.3669,30889
Barstow,San Bernardino,CA,34.8661,-117.0472,30605
Orcutt,Santa Barbara,CA,34.8668,-120.4269,30493
Ladera Ranch,Orange,CA,33.5491,-117.6416,30288
Santa Paula,Ventura,CA,34.3521,-119.0698,30233
Los Gatos,Santa Clara,CA,37.2303,-121.956,30222
South Lake Tahoe,El Dorado,CA,38.9393,-119.9828,30188
San Carlos,San Mateo,CA,37.4982,-122.268,30185
Saratoga,Santa Clara,CA,37.2684,-122.0263,30153
Los Altos,Santa Clara,CA,37.3685,-122.0966,30089
Atascadero,San Luis Obispo,CA,35.4827,-120.6858,30075
Walnut,Los Angeles,CA,34.0334,-117.8593,29685
Suisun City,Solano,CA,38.2473,-122.009,29663
Ukiah,Mendocino,CA,39.1463,-123.2105,29561
Atwater,Merced,CA,37.3543,-120.5981,29559
East Palo Alto,San Mateo,CA,37.4671,-122.1352,29314
Wasco,Kern,CA,35.5938,-119.3671,28647
Vineyard,Sacramento,CA,38.4744,-121.319,28315
Benicia,Solano,CA,38.0725,-122.1525,28240
Monterey,Monterey,CA,36.5922,-121.8807,28178
Sonora,Tuolumne,CA,37.9819,-120.3828,28035
Galt,Sacramento,CA,38.2693,-121.3,27954
Sanger,Fresno,CA,36.699,-119.5575,27777
Isla Vista,Santa Barbara,CA,34.4144,-119.8581,27690
Imperial Beach,San Diego,CA,32.5689,-117.1184,27440
West Whittier-Los Nietos,Los Angeles,CA,33.9759,-118.0689,27144
Windsor,Sonoma,CA,38.5417,-122.8086,27128
Maywood,Los Angeles,CA,33.9885,-118.1877,26973
Belmont,San Mateo,CA,37.5154,-122.2955,26941
Lemon Grove,San Diego,CA,32.7331,-117.0344,26811
Lemoore,Kings,CA,36.2949,-119.7983,26725
Temescal Valley,Riverside,CA,33.7581,-117.4677,26709
Lafayette,Contra Costa,CA,37.8919,-122.1189,26638
Norco,Riverside,CA,33.9252,-117.5499,26604
Brawley,Imperial,CA,32.9783,-115.5287,26309
Hercules,Contra Costa,CA,38.0064,-122.2564,26276
Soledad,Monterey,CA,36.4432,-121.3426,26207
El Cerrito,Contra Costa,CA,37.9197,-122.3025,25508
San Lorenzo,Alameda,CA,37.6737,-122.1349,25388
South Pasadena,Los Angeles,CA,34.1103,-118.1573,25329
Valinda,Los Angeles,CA,34.0401,-117.93,25296
Bay Point,Contra Costa,CA,38.0329,-121.9614,25165
Yucca Valley,San Bernardino,CA,34.1234,-116.4216,25042
Riverbank,Stanislaus,CA,37.7268,-120.9402,24881
North Tustin,Orange,CA,33.7644,-117.7945,24736
Lathrop,San Joaquin,CA,37.809,-121.3131,24483
Loma Linda,San Bernardino,CA,34.0451,-117.2498,24482
Dinuba,Tulare,CA,36.5453,-119.3987,24461
San Fernando,Los Angeles,CA,34.2886,-118.4363,24322
Seal Beach,Orange,CA,33.7542,-118.0714,23896
Calabasas,Los Angeles,CA,34.1375,-118.6689,23853
Coronado,San Diego,CA,32.664,-117.16,23731
Half Moon Bay,San Mateo,CA,37.4688,-122.4383,23653
Ashland,Alameda,CA,37.6942,-122.1159,23635
West Puente Valley,Los Angeles,CA,34.0512,-117.9681,23629
Rosemont,Sacramento,CA,38.5477,-121.3553,23617
Oakdale,Stanislaus,CA,37.7616,-120.847,23596
Cudahy,Los Angeles,CA,33.9631,-118.183,23569
Winter Gardens,San Diego,CA,32.8376,-116.9268,23088
West Rancho Dominguez,Los Angeles,CA,33.9057,-118.2682,22932
Patterson,Stanislaus,CA,37.4758,-121.1535,22930
Laguna Beach,Orange,CA,33.5448,-117.7612,22827
Marina,Monterey,CA,36.6812,-121.7895,22781
Corcoran,Kings,CA,36.0839,-119.561,22581
Lakeside,San Diego,CA,32.856,-116.904,22560
West Carson,Los Angeles,CA,33.8229,-118.2931,22537
Granite Bay,Placer,CA,38.7601,-121.1714,22439
Willowbrook,Los Angeles,CA,33.9199,-118.2362,22402
Millbrae,San Mateo,CA,37.5994,-122.4023,22394
Arvin,Kern,CA,35.1944,-118.8306,22155
Port Hueneme,Ventura,CA,34.1617,-119.2036,21926
Bloomington,San Bernardino,CA,34.0601,-117.4013,21783
Shafter,Kern,CA,35.4794,-119.2013,21734
Lennox,Los Angeles,CA,33.938,-118.3586,21329
Rancho San Diego,San Diego,CA,32.7624,-116.9197,21289
Duarte,Los Angeles,CA,34.161,-117.9504,21271
Dixon,Solano,CA,38.4468,-121.8249,20803
East Hemet,Riverside,CA,33.7301,-116.941,20679
South San Jose Hills,Los Angeles,CA,34.0123,-117.9041,20593
South El Monte,Los Angeles,CA,34.0493,-118.0484,20574
American Canyon,Napa,CA,38.1796,-122.2583,20475
Lomita,Los Angeles,CA,33.7933,-118.3175,20320
Ramona,San Diego,CA,33.0474,-116.8767,20260
Agoura Hills,Los Angeles,CA,34.151,-118.7608,20222
Rosamond,Kern,CA,34.8658,-118.2154,20028
La Cañada Flintridge,Los Angeles,CA,34.2097,-118.2002,20009
Orinda,Contra Costa,CA,37.8808,-122.1791,19926
Mead Valley,Riverside,CA,33.8333,-117.2852,19925
Cameron Park,El Dorado,CA,38.6737,-120.9872,19902
Albany,Alameda,CA,37.8898,-122.3018,19696
Casa de Oro-Mount Helix,San Diego,CA,32.764,-116.9687,19635
Prunedale,Monterey,CA,36.8064,-121.6555,19584
La Crescenta-Montrose,Los Angeles,CA,34.2322,-118.2353,19500
Stevenson Ranch,Los Angeles,CA,34.3894,-118.5885,19364
Hermosa Beach,Los Angeles,CA,33.8654,-118.3966,19320
Linda,Yuba,CA,39.1241,-121.5421,19314
Pinole,Contra Costa,CA,37.9931,-122.2834,19250
Red Bluff,Tehama,CA,40.1735,-122.2413,19039
Castaic,Los Angeles,CA,34.4818,-118.6317,18921
Rancho Mirage,Riverside,CA,33.7634,-116.4271,18528
Imperial,Imperial,CA,32.839,-115.5719,18120
Moraga,Contra Costa,CA,37.8439,-122.1225,17783
Greenfield,Monterey,CA,36.3232,-121.2451,17646
Santa Fe Springs,Los Angeles,CA,33.933,-118.0625,17630
Bostonia,San Diego,CA,32.8189,-116.9479,17530
Lakeport,Lake,CA,39.0392,-122.9218,17466
Nipomo,San Luis Obispo,CA,35.0323,-120.4991,17445
Live Oak,Santa Cruz,CA,36.986,-121.9804,17390
Woodcrest,Riverside,CA,33.8789,-117.3686,17310
Vincent,Los Angeles,CA,34.0982,-117.9238,17008
Valle Vista,Riverside,CA,33.7436,-116.8872,16879
Crescent City,Del Norte,CA,41.7727,-124.1902,16849
Rosedale,Kern,CA,35.3887,-119.2058,16737
East Rancho Dominguez,Los Angeles,CA,33.895,-118.1956,16734
Lindsay,Tulare,CA,36.2082,-119.0897,16713
McKinleyville,Humboldt,CA,40.9488,-124.0857,16612
El Segundo,Los Angeles,CA,33.9169,-118.4021,16610
Artesia,Los Angeles,CA,33.8676,-118.0806,16601
Solvang,Santa Barbara,CA,34.5936,-120.1401,16540
Cherryland,Alameda,CA,37.6792,-122.1038,16387
Ripon,San Joaquin,CA,37.7417,-121.131,16386
Coalinga,Fresno,CA,36.143,-120.3262,16307
Los Osos,San Luis Obispo,CA,35.3068,-120.8249,16292
Walnut Park,Los Angeles,CA,33.9683,-118.222,16034
Discovery Bay,Contra Costa,CA,37.9071,-121.6076,15981
Clearlake,Lake,CA,38.959,-122.633,15961
Fillmore,Ventura,CA,34.3989,-118.9181,15954
East San Gabriel,Los Angeles,CA,34.1198,-118.0807,15932
Avocado Heights,Los Angeles,CA,34.0381,-118.0026,15903
King City,Monterey,CA,36.2166,-121.133,15887
Parkway,Sacramento,CA,38.4993,-121.452,15885
Laguna Woods,Orange,CA,33.6098,-117.7299,15850
Stanford,Santa Clara,CA,37.4252,-122.1674,15668
McFarland,Kern,CA,35.6781,-119.2414,15651
Mountain House,San Joaquin,CA,37.774,-121.5452,15645
Parlier,Fresno,CA,36.6087,-119.5434,15613
Phelan,San Bernardino,CA,34.4398,-117.5248,15532
Rio Linda,Sacramento,CA,38.6876,-121.4418,15460
La Palma,Orange,CA,33.8504,-118.0406,15428
Pacific Grove,Monterey,CA,36.6192,-121.9255,15413
Alamo,Contra Costa,CA,37.8546,-122.013,15317
Alpine,San Diego,CA,32.8439,-116.7585,15233
Lamont,Kern,CA,35.2651,-118.9159,15222
Kerman,Fresno,CA,36.7249,-120.0625,15218
Coto de Caza,Orange,CA,33.5961,-117.5862,14931
Tehachapi,Kern,CA,35.1274,-118.4749,14928
Taft,Kern,CA,35.1267,-119.4242,14898
Livingston,Merced,CA,37.3875,-120.7248,14896
Salida,Stanislaus,CA,37.7145,-121.087,14658
North Fair Oaks,San Mateo,CA,37.4754,-122.2035,14547
Mill Valley,Marin,CA,37.9085,-122.5421,14259
Hawaiian Gardens,Los Angeles,CA,33.8303,-118.0728,14159
Lemon Hill,Sacramento,CA,38.5172,-121.4573,14096
El Sobrante,Riverside,CA,33.8724,-117.4625,13966
El Sobrante,Contra Costa,CA,37.9723,-122.296,13736
Oak Park,Ventura,CA,34.1849,-118.7669,13730
Muscoy,San Bernardino,CA,34.155,-117.3477,13726
North Auburn,Placer,CA,38.9306,-121.0821,13707
Sun Village,Los Angeles,CA,34.5596,-117.9559,13516
Avenal,Kings,CA,36.0311,-120.1162,13479
Grover Beach,San Luis Obispo,CA,35.1204,-120.6199,13459
Fortuna,Humboldt,CA,40.5862,-124.1419,13449
Twentynine Palms,San Bernardino,CA,34.1478,-116.0659,13423
Carpinteria,Santa Barbara,CA,34.3962,-119.5118,13385
Bonita,San Diego,CA,32.6652,-117.0295,13324
Big Bear City,San Bernardino,CA,34.2536,-116.7903,13312
Olivehurst,Yuba,CA,39.0817,-121.5549,13309
Solana Beach,San Diego,CA,32.9942,-117.2575,13296
Palos Verdes Estates,Los Angeles,CA,33.7871,-118.3976,13273
Lakeland Village,Riverside,CA,33.648,-117.3706,13170
San Marino,Los Angeles,CA,34.1224,-118.1132,13048
Magalia,Butte,CA,39.8228,-121.6078,12671
Commerce,Los Angeles,CA,33.9963,-118.1519,12661
Grand Terrace,San Bernardino,CA,34.0312,-117.3132,12584
Truckee,Nevada,CA,39.3455,-120.1848,12554
San Anselmo,Marin,CA,37.9821,-122.5699,12476
Marysville,Yuba,CA,39.1518,-121.5835,12476
Clayton,Contra Costa,CA,37.9403,-121.9301,12265
Blythe,Riverside,CA,33.622,-114.6188,12260
Larkspur,Marin,CA,37.9393,-122.5313,12254
Kingsburg,Fresno,CA,36.5245,-119.5602,12108
Emeryville,Alameda,CA,37.8382,-122.2932,12086
Diamond Springs,El Dorado,CA,38.692,-120.8391,11989
Healdsburg,Sonoma,CA,38.6229,-122.8651,11845
Malibu,Los Angeles,CA,34.0368,-118.7845,11820
Alum Rock,Santa Clara,CA,37.3695,-121.8241,11791
Newman,Stanislaus,CA,37.3157,-121.0211,11783
Winton,Merced,CA,37.3854,-120.6173,11761
Scotts Valley,Santa Cruz,CA,37.0555,-122.0118,11757
Delhi,Merced,CA,37.4306,-120.7759,11735
Mendota,Fresno,CA,36.7555,-120.3776,11716
Chowchilla,Madera,CA,37.1095,-120.2349,11583
View Park-Windsor Hills,Los Angeles,CA,33.9955,-118.3484,11580
Lake Los Angeles,Los Angeles,CA,34.6097,-117.8339,11469
Camp Pendleton South,San Diego,CA,33.2284,-117.3791,11459
Home Gardens,Riverside,CA,33.8784,-117.5116,11442
Signal Hill,Los Angeles,CA,33.8029,-118.1681,11421
Los Alamitos,Orange,CA,33.7972,-118.0594,11399
Hillsborough,San Mateo,CA,37.5573,-122.3587,11387
Canyon Lake,Riverside,CA,33.6885,-117.2621,11280
Tamalpais-Homestead Valley,Marin,CA,37.8793,-122.5382,11261
Rossmoor,Orange,CA,33.7886,-118.0803,11160
Piedmont,Alameda,CA,37.8226,-122.23,11135
Orange Cove,Fresno,CA,36.6211,-119.3188,11059
California City,Kern,CA,35.1578,-117.8721,10968
Soquel,Santa Cruz,CA,36.9978,-121.9482,10862
La Riviera,Sacramento,CA,38.5683,-121.3544,10851
Sierra Madre,Los Angeles,CA,34.1687,-118.0504,10793
Citrus,Los Angeles,CA,34.1161,-117.889,10771
Farmersville,Tulare,CA,36.3053,-119.2083,10703
Garden Acres,San Joaquin,CA,37.9637,-121.2296,10701
Anderson,Shasta,CA,40.4497,-122.295,10630
Morro Bay,San Luis Obispo,CA,35.3681,-120.8481,10543
Exeter,Tulare,CA,36.294,-119.1459,10485
Shasta Lake,Shasta,CA,40.679,-122.3775,10413
Rodeo,Contra Costa,CA,38.0368,-122.2526,10411
East Whittier,Los Angeles,CA,33.9244,-117.9887,10391
San Diego Country Estates,San Diego,CA,33.0093,-116.7874,10381
Fort Bragg,Mendocino,CA,39.4399,-123.8013,10374
Fairview,Alameda,CA,37.676,-122.048,10299
Quartz Hill,Los Angeles,CA,34.6527,-118.2163,10164
Del Aire,Los Angeles,CA,33.9168,-118.3693,10065
Capitola,Santa Cruz,CA,36.9772,-121.9538,10010
Orland,Glenn,CA,39.7461,-122.1856,9964
Madera Acres,Madera,CA,37.0123,-120.0799,9946
Blackhawk,Contra Costa,CA,37.816,-121.9071,9860
Mentone,San Bernardino,CA,34.0609,-117.1108,9847
Country Club,San Joaquin,CA,37.9687,-121.3408,9846
Rio del Mar,Santa Cruz,CA,36.9607,-121.8807,9775
Marina del Rey,Los Angeles,CA,33.9765,-118.4486,9771
Lake Arrowhead,San Bernardino,CA,34.2531,-117.1945,9765
Charter Oak,Los Angeles,CA,34.1025,-117.8564,9760
Corte Madera,Marin,CA,37.9238,-122.5129,9751
Oak Hills,San Bernardino,CA,34.3912,-117.4125,9700
Waterford,Stanislaus,CA,37.6429,-120.7553,9648
Bishop,Inyo,CA,37.3665,-118.3958,9597
Golden Hills,Kern,CA,35.1512,-118.5024,9407
Crestline,San Bernardino,CA,34.2486,-117.289,9381
Rio Vista,Solano,CA,38.1763,-121.7025,9369
Gridley,Butte,CA,39.3622,-121.6971,9237
Cloverdale,Sonoma,CA,38.7961,-123.0151,9205
Good Hope,Riverside,CA,33.7706,-117.2772,9173
Calimesa,Riverside,CA,33.9874,-117.0542,9160
Fort Irwin,San Bernardino,CA,35.2476,-116.6834,9086
Tiburon,Marin,CA,37.8854,-122.4637,9084
Live Oak,Sutter,CA,39.2788,-121.6624,9076
Valley Center,San Diego,CA,33.233,-117.0157,9059
Larkfield-Wikiup,Sonoma,CA,38.513,-122.7536,8926
Earlimart,Tulare,CA,35.8824,-119.2715,8790
August,San Joaquin,CA,37.9797,-121.2625,8774
Needles,San Bernardino,CA,34.8164,-114.6189,8752
South San Gabriel,Los Angeles,CA,34.0489,-118.0961,8643
Montecito,Santa Barbara,CA,34.4382,-119.6286,8611
Corning,Tehama,CA,39.9282,-122.182,8604
Susanville,Lassen,CA,40.4205,-120.6129,8602
West Athens,Los Angeles,CA,33.9235,-118.3033,8574
Ione,Amador,CA,38.3613,-120.9422,8462
Los Altos Hills,Santa Clara,CA,37.3671,-122.139,8423
Midway City,Orange,CA,33.7451,-117.9849,8374
Gonzales,Monterey,CA,36.506,-121.4429,8293
Westlake Village,Los Angeles,CA,34.1369,-118.822,8217
Pismo Beach,San Luis Obispo,CA,35.1484,-120.6492,8168
Alondra Park,Los Angeles,CA,33.8885,-118.335,8097
Rolling Hills Estates,Los Angeles,CA,33.7783,-118.3509,8058
Willits,Mendocino,CA,39.4047,-123.3494,8055
Firebaugh,Fresno,CA,36.8534,-120.4536,8000
Templeton,San Luis Obispo,CA,35.556,-120.7182,7938
Boyes Hot Springs,Sonoma,CA,38.3126,-122.4888,7863
Vandenberg Village,Santa Barbara,CA,34.7111,-120.4623,7861
Woodlake,Tulare,CA,36.4124,-119.0999,7854
Winters,Yolo,CA,38.532,-121.9781,7820
Thousand Palms,Riverside,CA,33.815,-116.3545,7814
Guadalupe,Santa Barbara,CA,34.9608,-120.5735,7783
Cherry Valley,Riverside,CA,33.9797,-116.9694,7755
Spring Valley Lake,San Bernardino,CA,34.4987,-117.2683,7744
Mammoth Lakes,Mono,CA,37.6273,-118.99,7694
Oceano,San Luis Obispo,CA,35.1019,-120.609,7678
Sebastopol,Sonoma,CA,38.4001,-122.8276,7674
Holtville,Imperial,CA,32.813,-115.378,7664
Escalon,San Joaquin,CA,37.7912,-120.9982,7601
Piñon Hills,San Bernardino,CA,34.4438,-117.6214,7592
Hughson,Stanislaus,CA,37.602,-120.866,7565
Jackson,Amador,CA,38.3485,-120.7728,7550
Gold River,Sacramento,CA,38.6268,-121.2488,7523
Fairfax,Marin,CA,37.9886,-122.5952,7522
Dos Palos,Merced,CA,36.9854,-120.6336,7494
Mount Shasta,Siskiyou,CA,41.3206,-122.315,7472
Ojai,Ventura,CA,34.4487,-119.2469,7470
Topanga,Los Angeles,CA,34.0964,-118.6053,7449
Orosi,Tulare,CA,36.5434,-119.2903,7441
Cotati,Sonoma,CA,38.3279,-122.7092,7410
University of California-Davis,Yolo,CA,38.5374,-121.7576,7379
Oroville East,Butte,CA,39.4947,-121.4866,7368
Plumas Lake,Yuba,CA,38.9924,-121.558,7367
Yreka,Siskiyou,CA,41.7292,-122.6312,7356
Homeland,Riverside,CA,33.7459,-117.1132,7326
Franklin,Merced,CA,37.3277,-120.5321,7314
Huron,Fresno,CA,36.2041,-120.0961,7281
Willows,Glenn,CA,39.5149,-122.1995,7234
Alta Sierra,Nevada,CA,39.1237,-121.0523,7207
South Monrovia Island,Los Angeles,CA,34.1234,-117.9958,7192
Interlaken,Santa Cruz,CA,36.9505,-121.7363,7191
Acton,Los Angeles,CA,34.4956,-118.1857,7185
Mecca,Riverside,CA,33.5767,-116.0645,7174
Atherton,San Mateo,CA,37.4539,-122.2032,7137
Calipatria,Imperial,CA,33.1493,-115.5056,7114
Ladera Heights,Los Angeles,CA,33.9972,-118.374,7090
Ben Lomond,Santa Cruz,CA,37.0782,-122.0882,7071
Sausalito,Marin,CA,37.858,-122.4932,7068
Lemoore Station,Kings,CA,36.2633,-119.9049,7063
St. Helena,Napa,CA,38.5063,-122.4682,7059
Rancho Calaveras,Calaveras,CA,38.1248,-120.857,7035
Nuevo,Riverside,CA,33.8011,-117.1415,7033
San Martin,Santa Clara,CA,37.0829,-121.5963,7010
Joshua Tree,San Bernardino,CA,34.1236,-116.3128,6980
Desert Palms,Riverside,CA,33.779,-116.293,6947
Kentfield,Marin,CA,37.9481,-122.5496,6930
Mira Monte,Ventura,CA,34.4284,-119.2853,6912
Pollock Pines,El Dorado,CA,38.7564,-120.5904,6905
Colusa,Colusa,CA,39.2059,-122.0125,6891
Loomis,Placer,CA,38.8093,-121.1955,6866
Lake Mathews,Riverside,CA,33.825,-117.3683,6848
Lucas Valley-Marinwood,Marin,CA,38.0405,-122.5765,6841
Bermuda Dunes,Riverside,CA,33.7434,-116.2874,6817
Fowler,Fresno,CA,36.6243,-119.6737,6790
Thermalito,Butte,CA,39.4909,-121.615,6704
Castroville,Monterey,CA,36.765,-121.7535,6686
East Porterville,Tulare,CA,36.0573,-118.9713,6679
El Rio,Ventura,CA,34.2452,-119.1568,6505
Contra Costa Centre,Contra Costa,CA,37.9261,-122.054,6497
La Habra Heights,Los Angeles,CA,33.9602,-117.951,6492
Saranap,Contra Costa,CA,37.8878,-122.076,6492
East Foothills,Santa Clara,CA,37.3827,-121.8138,6278
Pleasure Point,Santa Cruz,CA,36.9618,-121.9715,6277
Fruitridge Pocket,Sacramento,CA,38.5326,-121.4558,6215
Keyes,Stanislaus,CA,37.5618,-120.9088,6185
Hidden Valley Lake,Lake,CA,38.8003,-122.5505,6044
Eucalyptus Hills,San Diego,CA,32.885,-116.9453,6017
East Pasadena,Los Angeles,CA,34.1377,-118.0776,5971
Silver Lakes,San Bernardino,CA,34.7519,-117.3431,5966
Paradise,Butte,CA,39.7558,-121.6063,5928
West Modesto,Stanislaus,CA,37.618,-121.0343,5911
Gustine,Merced,CA,37.2545,-120.9949,5882
Las Flores,Orange,CA,33.5838,-117.6235,5877
Durham,Butte,CA,39.6232,-121.7875,5863
Hilmar-Irwin,Merced,CA,37.4045,-120.8504,5846
Mayflower Village,Los Angeles,CA,34.116,-118.0096,5822
Elverta,Sacramento,CA,38.7185,-121.4455,5821
El Granada,San Mateo,CA,37.5134,-122.466,5819
Aptos,Santa Cruz,CA,36.9912,-121.8934,5797
Villa Park,Orange,CA,33.818,-117.8104,5790
Cutler,Tulare,CA,36.5263,-119.2884,5774
Strawberry,Marin,CA,37.8925,-122.5078,5759
Greenacres,Kern,CA,35.3831,-119.1184,5757
Cambria,San Luis Obispo,CA,35.5523,-121.0847,5725
Yosemite Lakes,Madera,CA,37.1885,-119.7723,5647
Twin Lakes,Santa Cruz,CA,36.9646,-121.9896,5642
Salton City,Imperial,CA,33.2994,-115.9609,5611
Rancho Murieta,Sacramento,CA,38.5085,-121.0716,5603
Palermo,Butte,CA,39.4313,-121.5225,5544
Old Fig Garden,Fresno,CA,36.7989,-119.8051,5529
El Cerrito,Riverside,CA,33.8395,-117.5222,5471
Indian Wells,Riverside,CA,33.7036,-116.3396,5470
Williams,Colusa,CA,39.1498,-122.1389,5469
Woodside,San Mateo,CA,37.4222,-122.2591,5458
Bear Valley Springs,Kern,CA,35.1775,-118.646,5442
Lucerne Valley,San Bernardino,CA,34.4427,-116.9021,5423
Kensington,Contra Costa,CA,37.9084,-122.2805,5415
Tara Hills,Contra Costa,CA,37.9939,-122.3188,5405
Jamul,San Diego,CA,32.7184,-116.8709,5384
Bret Harte,Stanislaus,CA,37.6021,-121.0045,5319
Wilton,Sacramento,CA,38.413,-121.2127,5307
Myrtletown,Humboldt,CA,40.7888,-124.1286,5290
Broadmoor,San Mateo,CA,37.6914,-122.4811,5286
Big Bear Lake,San Bernardino,CA,34.2429,-116.8951,5279
Burbank,Santa Clara,CA,37.3212,-121.9306,5252
Calistoga,Napa,CA,38.5818,-122.5824,5247
Lake Wildwood,Nevada,CA,39.235,-121.2003,5208
Denair,Stanislaus,CA,37.5262,-120.7994,5131
Buellton,Santa Barbara,CA,34.6152,-120.1943,5102
Mayfair,Fresno,CA,36.7693,-119.7612,5091
Garnet,Riverside,CA,33.9179,-116.4796,5057
Highgrove,Riverside,CA,34.0106,-117.3098,4986
Lake San Marcos,San Diego,CA,33.1196,-117.2088,4890
Guerneville,Sonoma,CA,38.5137,-122.9894,4808
Santa Venetia,Marin,CA,38.0055,-122.5032,4790
Lincoln Village,San Joaquin,CA,38.0054,-121.3339,4768
Oak View,Ventura,CA,34.399,-119.2976,4720
Boulder Creek,Santa Cruz,CA,37.1341,-122.1271,4712
Fetters Hot Springs-Agua Caliente,Sonoma,CA,38.3274,-122.4871,4697
Heber,Imperial,CA,32.7318,-115.5204,4686
Brisbane,San Mateo,CA,37.6898,-122.402,4671
Emerald Lake Hills,San Mateo,CA,37.4662,-122.2675,4594
Portola Valley,San Mateo,CA,37.3713,-122.2203,4568
Bonsall,San Diego,CA,33.2761,-117.1942,4464
Sunnyside,Fresno,CA,36.7294,-119.6945,4451
Planada,Merced,CA,37.2892,-120.3207,4418
Mather,Sacramento,CA,38.5489,-121.2832,4408
Santa Ynez,Santa Barbara,CA,34.6151,-120.0944,4401
Ford City,Kern,CA,35.1647,-119.4584,4365
Pacheco,Contra Costa,CA,37.9878,-122.07,4355
Del Mar,San Diego,CA,32.9633,-117.2627,4319
Copperopolis,Calaveras,CA,37.9365,-120.6277,4299
Running Springs,San Bernardino,CA,34.2104,-117.1147,4296
Carmel Valley Village,Monterey,CA,36.4824,-121.7198,4293
Phoenix Lake,Tuolumne,CA,38.0075,-120.3089,4283
Wrightwood,San Bernardino,CA,34.3495,-117.6299,4283
Humboldt Hill,Humboldt,CA,40.7219,-124.1987,4268
Mountain View Acres,San Bernardino,CA,34.4976,-117.3472,4260
North Richmond,Contra Costa,CA,37.9642,-122.3711,4233
Mojave,Kern,CA,35.0139,-118.1895,4230
Harbison Canyon,San Diego,CA,32.8273,-116.8381,4223
Ivanhoe,Tulare,CA,36.3886,-119.2202,4198
Del Monte Forest,Monterey,CA,36.5857,-121.9439,4197
Lake of the Pines,Nevada,CA,39.0378,-121.0642,4137
McSwain,Merced,CA,37.3146,-120.5867,4137
West Menlo Park,San Mateo,CA,37.4338,-122.2034,4116
Bystrom,Stanislaus,CA,37.6199,-120.9827,4099
Morada,San Joaquin,CA,38.0386,-121.2456,4068
Rio Dell,Humboldt,CA,40.5022,-124.1103,4056
North El Monte,Los Angeles,CA,34.103,-118.0238,4028
San Joaquin,Fresno,CA,36.6057,-120.1897,4002
Clearlake Riviera,Lake,CA,38.9512,-122.7207,3933
Vine Hill,Contra Costa,CA,38.0071,-122.0873,3887
Lenwood,San Bernardino,CA,34.8861,-117.1078,3884
Angels,Calaveras,CA,38.0707,-120.5501,3868
Woodbridge,San Joaquin,CA,38.1692,-121.3113,3865
Shingle Springs,El Dorado,CA,38.6665,-120.937,3865
French Camp,San Joaquin,CA,37.8802,-121.2803,3857
Wheatland,Yuba,CA,39.0287,-121.39,3848
Carmel-by-the-Sea,Monterey,CA,36.5528,-121.9222,3811
Felton,Santa Cruz,CA,37.0392,-122.0804,3810
Burney,Shasta,CA,40.8846,-121.6691,3807
Moss Beach,San Mateo,CA,37.5184,-122.5036,3799
Camino Tassajara,Contra Costa,CA,37.7909,-121.885,3798
Mission Hills,Santa Barbara,CA,34.6861,-120.4404,3796
Pixley,Tulare,CA,35.9769,-119.2889,3796
Armona,Kings,CA,36.3179,-119.7054,3795
Esparto,Yolo,CA,38.6934,-122.0241,3783
Las Lomas,Monterey,CA,36.8689,-121.7317,3755
Agua Dulce,Los Angeles,CA,34.5044,-118.316,3728
Freedom,Santa Cruz,CA,36.9402,-121.7953,3719
Brooktrails,Mendocino,CA,39.4429,-123.3963,3709
Forestville,Sonoma,CA,38.4825,-122.8899,3685
Empire,Stanislaus,CA,37.6432,-120.9045,3667
Kennedy,San Joaquin,CA,37.929,-121.2457,3665
Arbuckle,Colusa,CA,39.0141,-122.061,3636
Riverdale,Fresno,CA,36.4304,-119.8671,3625
Stallion Springs,Kern,CA,35.0935,-118.6477,3625
Avalon,Los Angeles,CA,33.3342,-118.3315,3606
Reliez Valley,Contra Costa,CA,37.9399,-122.1027,3575
Hoopa,Humboldt,CA,41.0802,-123.6972,3573
Pajaro,Monterey,CA,36.9016,-121.7417,3561
Greenfield,Kern,CA,35.2695,-119.0095,3534
Meiners Oaks,Ventura,CA,34.4505,-119.2731,3508
Mono Vista,Tuolumne,CA,38.0124,-120.2697,3504
Auburn Lake Trails,El Dorado,CA,38.8917,-120.9849,3499
Campo,San Diego,CA,32.6394,-116.4745,3482
Meadow Vista,Placer,CA,39.003,-121.0304,3460
Lake Isabella,Kern,CA,35.6378,-118.4819,3454
Squaw Valley,Fresno,CA,36.6944,-119.2,3449
Day Valley,Santa Cruz,CA,37.0255,-121.8559,3439
Valley Springs,Calaveras,CA,38.1837,-120.815,3428
Monte Sereno,Santa Clara,CA,37.2404,-121.9882,3427
Angwin,Napa,CA,38.5776,-122.4513,3424
El Verano,Sonoma,CA,38.2975,-122.4915,3424
Oakhurst,Madera,CA,37.3342,-119.6483,3424
Tarpey Village,Fresno,CA,36.7941,-119.7012,3390
Lockeford,San Joaquin,CA,38.1509,-121.1554,3390
Hidden Meadows,San Diego,CA,33.2236,-117.1198,3386
Vandenberg AFB,Santa Barbara,CA,34.7483,-120.5182,3379
Cabazon,Riverside,CA,33.9127,-116.7828,3367
Casa Conejo,Ventura,CA,34.1847,-118.9445,3366
Loyola,Santa Clara,CA,37.3502,-122.098,3364
East Oakdale,Stanislaus,CA,37.7854,-120.8007,3344
Desert Edge,Riverside,CA,33.9223,-116.4401,3343
Kelseyville,Lake,CA,38.9704,-122.8327,3332
Goshen,Tulare,CA,36.3518,-119.421,3316
Terra Bella,Tulare,CA,35.9567,-119.0328,3304
Cottonwood,Shasta,CA,40.3904,-122.2861,3289
Lake California,Tehama,CA,40.3608,-122.2102,3281
Morongo Valley,San Bernardino,CA,34.0724,-116.5627,3262
Weaverville,Trinity,CA,40.7488,-122.9274,3240
Tipton,Tulare,CA,36.0585,-119.313,3218
East Richmond Heights,Contra Costa,CA,37.945,-122.314,3214
Colfax,Placer,CA,39.0938,-120.9533,3205
Seacliff,Santa Cruz,CA,36.977,-121.9176,3201
South Oroville,Butte,CA,39.4767,-121.5439,3181
Santa Rosa Valley,Ventura,CA,34.2453,-118.9023,3180
Marin City,Marin,CA,37.8711,-122.5137,3173
Anza,Riverside,CA,33.5679,-116.6967,3151
Nevada City,Nevada,CA,39.2607,-121.0231,3148
Pine Hills,Humboldt,CA,40.7313,-124.1551,3146
North Lakeport,Lake,CA,39.0883,-122.9054,3141
Coronita,Riverside,CA,33.876,-117.6109,3138
Rollingwood,Contra Costa,CA,37.9655,-122.3305,3110
Crockett,Contra Costa,CA,38.0519,-122.2201,3094
Cambrian Park,Santa Clara,CA,37.2563,-121.9287,3094
Loma Rica,Yuba,CA,39.3204,-121.4038,3088
San Andreas,Calaveras,CA,38.1911,-120.6763,3085
Ridgemark,San Benito,CA,36.8082,-121.3623,3062
San Antonio Heights,San Bernardino,CA,34.1571,-117.6592,3034
Meadowbrook,Riverside,CA,33.7253,-117.2851,3033
Cutten,Humboldt,CA,40.7657,-124.1446,3029
Montalvin Manor,Contra Costa,CA,37.9977,-122.33,3023
Oasis,Riverside,CA,33.5275,-116.1261,3020
Bonny Doon,Santa Cruz,CA,37.0435,-122.1369,3009
Val Verde,Los Angeles,CA,34.4504,-118.6717,2996
Sutter,Sutter,CA,39.1556,-121.7492,2994
San Miguel,Contra Costa,CA,37.8867,-122.0368,2993
Vista Santa Rosa,Riverside,CA,33.6227,-116.2126,2967
Yountville,Napa,CA,38.3963,-122.3671,2966
Penngrove,Sonoma,CA,38.3005,-122.6707,2961
Lucerne,Lake,CA,39.0697,-122.776,2956
Winchester,Riverside,CA,33.7146,-117.0775,2931
La Selva Beach,Santa Cruz,CA,36.9276,-121.8445,2917
Strathmore,Tulare,CA,36.1438,-119.0611,2915
Hartley,Solano,CA,38.4203,-121.9521,2907
Fairbanks Ranch,San Diego,CA,32.9919,-117.1859,2901
North Shore,Riverside,CA,33.5157,-115.9092,2892
Lake Nacimiento,San Luis Obispo,CA,35.7309,-120.8702,2884
Channel Islands Beach,Ventura,CA,34.1586,-119.2231,2864
Granite Hills,San Diego,CA,32.8033,-116.9056,2833
Kings Beach,Placer,CA,39.249,-120.0201,2833
Amesti,Santa Cruz,CA,36.9583,-121.7805,2832
San Miguel,San Luis Obispo,CA,35.7534,-120.6924,2807
Caruthers,Fresno,CA,36.5399,-119.845,2773
Dixon Lane-Meadow Creek,Inyo,CA,37.3864,-118.4152,2760
Mission Canyon,Santa Barbara,CA,34.4534,-119.7125,2755
Crest,San Diego,CA,32.8,-116.8671,2746
Weed,Siskiyou,CA,41.4128,-122.3816,2725
Homestead Valley,San Bernardino,CA,34.273,-116.4145,2723
Montara,San Mateo,CA,37.5482,-122.4924,2692
Cayucos,San Luis Obispo,CA,35.4375,-120.8847,2692
Jamestown,Tuolumne,CA,37.9574,-120.411,2687
Kelly Ridge,Butte,CA,39.5289,-121.4662,2679
Pine Mountain Lake,Tuolumne,CA,37.8599,-120.1843,2671
Georgetown,El Dorado,CA,38.9112,-120.8356,2668
West Bishop,Inyo,CA,37.3571,-118.4542,2661
Collierville,San Joaquin,CA,38.2141,-121.2675,2642
Alturas,Modoc,CA,41.4898,-120.5516,2638
Dogtown,San Joaquin,CA,38.2096,-121.1551,2629
East Quincy,Plumas,CA,39.9165,-120.9189,2622
Sutter Creek,Amador,CA,38.3827,-120.8107,2622
Bayview,Humboldt,CA,40.7654,-124.1787,2617
Bella Vista,Shasta,CA,40.6502,-122.245,2614
Rose Hills,Los Angeles,CA,34.009,-118.0419,2612
Richgrove,Tulare,CA,35.7966,-119.1069,2611
Arnold,Calaveras,CA,38.2423,-120.3547,2605
Lexington Hills,Santa Clara,CA,37.1616,-121.9879,2603
Rancho Santa Fe,San Diego,CA,33.024,-117.1992,2591
Edwards AFB,Kern,CA,34.9045,-117.9295,2571
Frazier Park,Kern,CA,34.8123,-118.9542,2570
Lakeview,Riverside,CA,33.8285,-117.1233,2566
Aromas,San Benito,CA,36.8771,-121.6404,2553
Green Acres,Riverside,CA,33.735,-117.0782,2542
Twain Harte,Tuolumne,CA,38.0384,-120.234,2523
Santa Nella,Merced,CA,37.1014,-121.0153,2508
Desert View Highlands,Los Angeles,CA,34.5901,-118.1535,2496
Parksdale,Madera,CA,36.9465,-120.0212,2493
Auberry,Fresno,CA,37.0755,-119.4901,2476
Ahwahnee,Madera,CA,37.3652,-119.7194,2461
Idyllwild-Pine Cove,Riverside,CA,33.7443,-116.7257,2459
Ross,Marin,CA,37.9638,-122.5615,2451
Poplar-Cotton Center,Tulare,CA,36.0564,-119.1493,2436
Sky Valley,Riverside,CA,33.8912,-116.3551,2430
Taft Heights,Kern,CA,35.1337,-119.4711,2424
Hayfork,Trinity,CA,40.561,-123.1299,2421
Rouse,Stanislaus,CA,37.6196,-121.0084,2420
Three Rivers,Tulare,CA,36.4319,-118.8806,2397
Nice,Lake,CA,39.1266,-122.8526,2393
Bell Canyon,Ventura,CA,34.2081,-118.6876,2391
Corralitos,Santa Cruz,CA,36.9941,-121.7892,2381
Patterson Tract,Tulare,CA,36.3795,-119.2956,2351
Brookdale,Santa Cruz,CA,37.1058,-122.1106,2345
Portola,Plumas,CA,39.8241,-120.4733,2313
Boron,Kern,CA,35.0164,-117.6659,2312
Pine Canyon,Monterey,CA,36.1757,-121.1498,2294
Soulsbyville,Tuolumne,CA,37.9917,-120.2617,2286
Clearlake Oaks,Lake,CA,39.0218,-122.6593,2279
Shingletown,Shasta,CA,40.5035,-121.86,2272
Westmorland,Imperial,CA,33.0389,-115.6223,2254
Borrego Springs,San Diego,CA,33.241,-116.3571,2252
Buckhorn,Amador,CA,38.4532,-120.5354,2246
Weedpatch,Kern,CA,35.2369,-118.9123,2238
Romoland,Riverside,CA,33.7648,-117.1572,2227
Hamilton City,Glenn,CA,39.7422,-122.0125,2224
Columbia,Tuolumne,CA,38.0333,-120.4097,2217
Easton,Fresno,CA,36.6524,-119.7908,2206
Sleepy Hollow,Marin,CA,38.012,-122.5877,2200
East Sonora,Tuolumne,CA,37.9777,-120.341,2189
Weldon,Kern,CA,35.6431,-118.3103,2181
Laton,Fresno,CA,36.4338,-119.6916,2166
Chester,Plumas,CA,40.3017,-121.2339,2116
San Juan Bautista,San Benito,CA,36.8455,-121.538,2104
Belvedere,Marin,CA,37.8735,-122.4662,2104
Murphys,Calaveras,CA,38.1447,-120.4348,2100
Mountain View,Contra Costa,CA,38.0093,-122.1169,2066
Bertsch-Oceanview,Del Norte,CA,41.7524,-124.1594,2042
Piru,Ventura,CA,34.4075,-118.7999,2019
Bethel Island,Contra Costa,CA,38.0288,-121.6404,2010
Rainbow,San Diego,CA,33.4098,-117.1395,1994
Aptos Hills-Larkin Valley,Santa Cruz,CA,36.9606,-121.8341,1993
Calwa,Fresno,CA,36.7136,-119.7607,1974
Wofford Heights,Kern,CA,35.7127,-118.4732,1973
Bayview,Contra Costa,CA,38.0056,-122.3198,1954
China Lake Acres,Kern,CA,35.6387,-117.7667,1947
Lost Hills,Kern,CA,35.6254,-119.6789,1943
San Pasqual,Los Angeles,CA,34.1393,-118.1027,1932
Red Corral,Amador,CA,38.4116,-120.6056,1930
Rancho Tehama Reserve,Tehama,CA,40.001,-122.4418,1922
Warm Springs,Riverside,CA,33.7067,-117.3344,1903
Elizabeth Lake,Los Angeles,CA,34.659,-118.3783,1895
Quincy,Plumas,CA,39.931,-120.9548,1895
Hidden Hills,Los Angeles,CA,34.1637,-118.6612,1890
Biggs,Butte,CA,39.4102,-121.7133,1879
Graton,Sonoma,CA,38.4376,-122.866,1877
Fairmead,Madera,CA,37.0775,-120.1937,1876
London,Tulare,CA,36.481,-119.444,1854
Parkwood,Madera,CA,36.9293,-120.0482,1853
Woodville,Tulare,CA,36.0898,-119.205,1852
Los Molinos,Tehama,CA,40.027,-122.0981,1845
Rolling Hills,Los Angeles,CA,33.76,-118.3471,1845
Lone Pine,Inyo,CA,36.5774,-118.0777,1837
Lake Sherwood,Ventura,CA,34.1339,-118.8804,1835
Shasta,Shasta,CA,40.591,-122.4797,1804
Pine Mountain Club,Kern,CA,34.8446,-119.1669,1803
Lebec,Kern,CA,34.845,-118.8992,1802
Camino,El Dorado,CA,38.7412,-120.6815,1799
Linden,San Joaquin,CA,38.0186,-121.0994,1790
Littlerock,Los Angeles,CA,34.5232,-117.9809,1766
Woodlands,San Luis Obispo,CA,35.0289,-120.5524,1743
Toro Canyon,Santa Barbara,CA,34.4235,-119.5568,1735
Los Ranchos,San Luis Obispo,CA,35.2102,-120.6291,1730
Pine Grove,Amador,CA,38.4074,-120.6606,1730
Le Grand,Merced,CA,37.2288,-120.254,1726
Monument Hills,Yolo,CA,38.6641,-121.8756,1700
Seeley,Imperial,CA,32.7899,-115.6842,1699
South Dos Palos,Merced,CA,36.9707,-120.6467,1682
Pine Valley,San Diego,CA,32.8415,-116.5107,1669
Black Point-Green Point,Marin,CA,38.112,-122.5191,1655
Del Rey Oaks,Monterey,CA,36.5929,-121.8381,1654
Searles Valley,San Bernardino,CA,35.7701,-117.3967,1646
Descanso,San Diego,CA,32.8696,-116.6279,1644
Home Garden,Kings,CA,36.3025,-119.6362,1643
Coarsegold,Madera,CA,37.2526,-119.7,1643
Los Alamos,Santa Barbara,CA,34.7375,-120.2783,1623
Lower Lake,Lake,CA,38.9119,-122.6085,1595
Buttonwillow,Kern,CA,35.4092,-119.4406,1591
Callender,San Luis Obispo,CA,35.048,-120.5759,1583
Leona Valley,Los Angeles,CA,34.6147,-118.299,1581
Tuolumne City,Tuolumne,CA,37.9615,-120.2428,1577
Green Valley,Solano,CA,38.2607,-122.1622,1572
Big Pine,Inyo,CA,37.1655,-118.2952,1568
Temelec,Sonoma,CA,38.2577,-122.4982,1564
Dunsmuir,Siskiyou,CA,41.2318,-122.2714,1564
Foresthill,Placer,CA,39.0053,-120.8314,1546
Westwood,Lassen,CA,40.3049,-121.0045,1545
Willow Creek,Humboldt,CA,40.9385,-123.6412,1539
South Taft,Kern,CA,35.1293,-119.4575,1526
Forest Meadows,Calaveras,CA,38.1664,-120.4052,1516
Lagunitas-Forest Knolls,Marin,CA,38.018,-122.6914,1504
Knightsen,Contra Costa,CA,37.9633,-121.6511,1500
Del Rey,Fresno,CA,36.6562,-119.5993,1498
Colma,San Mateo,CA,37.6767,-122.4526,1489
Ladera,San Mateo,CA,37.3996,-122.199,1465
Biola,Fresno,CA,36.8006,-120.0199,1451
Irwindale,Los Angeles,CA,34.1121,-117.9636,1446
Pioneer,Amador,CA,38.4354,-120.5848,1443
Chualar,Monterey,CA,36.5711,-121.5103,1442
Penn Valley,Nevada,CA,39.1954,-121.1942,1424
Montague,Siskiyou,CA,41.7276,-122.5304,1398
Midpines,Mariposa,CA,37.5531,-119.9485,1396
Kettleman City,Kings,CA,36.009,-119.9627,1395
Bodfish,Kern,CA,35.5765,-118.4764,1384
Redwood Valley,Mendocino,CA,39.269,-123.2023,1376
Allendale,Solano,CA,38.4426,-121.9814,1362
Thermal,Riverside,CA,33.6262,-116.1308,1359
Herlong,Lassen,CA,40.1419,-120.1399,1353
Ferndale,Humboldt,CA,40.5799,-124.2619,1352
Eldridge,Sonoma,CA,38.3339,-122.5065,1351
Mariposa,Mariposa,CA,37.4873,-119.9682,1351
Byron,Contra Costa,CA,37.8756,-121.642,1348
Lewiston,Trinity,CA,40.6969,-122.8225,1340
Malaga,Fresno,CA,36.6816,-119.7318,1337
Mountain Ranch,Calaveras,CA,38.2509,-120.5119,1306
Woodacre,Marin,CA,38.0052,-122.6384,1303
Riverdale Park,Stanislaus,CA,37.6028,-121.0425,1301
Walnut Grove,Sacramento,CA,38.2478,-121.528,1300
Tahoe Vista,Placer,CA,39.2483,-120.0535,1288
Shell Ridge,Contra Costa,CA,37.906,-122.0345,1281
Dunnigan,Yolo,CA,38.8926,-121.9741,1278
Janesville,Lassen,CA,40.2809,-120.5335,1278
Avila Beach,San Luis Obispo,CA,35.1969,-120.7191,1273
Gerber,Tehama,CA,40.0614,-122.1482,1259
Santa Margarita,San Luis Obispo,CA,35.3893,-120.6084,1252
Sheridan,Placer,CA,38.969,-121.3559,1250
Blue Lake,Humboldt,CA,40.8813,-123.9931,1245
Berry Creek,Butte,CA,39.6314,-121.4052,1241
Mountain Mesa,Kern,CA,35.6411,-118.4047,1236
Del Rio,Stanislaus,CA,37.7432,-121.0091,1235
Grayson,Stanislaus,CA,37.565,-121.1794,1224
Sunnyside-Tahoe City,Placer,CA,39.1504,-120.1613,1222
Airport,Stanislaus,CA,37.6324,-120.9774,1222
Saticoy,Ventura,CA,34.2819,-119.1452,1201
Redway,Humboldt,CA,40.1209,-123.822,1199
Maricopa,Kern,CA,35.0516,-119.4054,1192
Johnstonville,Lassen,CA,40.3789,-120.5846,1185
Laytonville,Mendocino,CA,39.6715,-123.4945,1175
Newcastle,Placer,CA,38.8677,-121.1318,1167
Covelo,Mendocino,CA,39.8025,-123.2499,1165
Sea Ranch,Sonoma,CA,38.7165,-123.4527,1161
Squirrel Mountain Valley,Kern,CA,35.6176,-118.4046,1159
Monte Rio,Sonoma,CA,38.4683,-123.0147,1156
Palo Cedro,Shasta,CA,40.5511,-122.2363,1151
Elkhorn,Monterey,CA,36.8103,-121.7212,1151
March ARB,Riverside,CA,33.8888,-117.2776,1150
Castle Hill,Contra Costa,CA,37.8729,-122.0573,1145
Big River,San Bernardino,CA,34.1393,-114.3604,1145
Pala,San Diego,CA,33.3617,-117.0696,1143
Shandon,San Luis Obispo,CA,35.6536,-120.3831,1141
Matheny,Tulare,CA,36.1707,-119.3516,1134
Mi-Wuk Village,Tuolumne,CA,38.057,-120.179,1133
Inverness,Marin,CA,38.082,-122.8471,1127
Garberville,Humboldt,CA,40.1003,-123.7948,1126
Yosemite Valley,Mariposa,CA,37.7407,-119.5779,1110
Greenville,Plumas,CA,40.1336,-120.9454,1108
Maxwell,Colusa,CA,39.2771,-122.1946,1096
Grizzly Flats,El Dorado,CA,38.6357,-120.5355,1087
Hasley Canyon,Los Angeles,CA,34.4817,-118.6665,1085
Westhaven-Moonstone,Humboldt,CA,41.0447,-124.1023,1084
Clay,Sacramento,CA,38.314,-121.1596,1083
Parklawn,Stanislaus,CA,37.6069,-120.9793,1082
Spring Valley,Lake,CA,39.0777,-122.5968,1081
Bolinas,Marin,CA,37.9177,-122.7095,1077
Plymouth,Amador,CA,38.4776,-120.8584,1076
Alpaugh,Tulare,CA,35.8876,-119.4873,1074
Minkler,Fresno,CA,36.7277,-119.4587,1074
McCloud,Siskiyou,CA,41.254,-122.136,1072
Bradbury,Los Angeles,CA,34.1536,-117.9684,1070
Boronda,Monterey,CA,36.6947,-121.6745,1066
Wallace,Calaveras,CA,38.1978,-120.9586,1063
Herald,Sacramento,CA,38.2913,-121.2318,1058
Upper Lake,Lake,CA,39.1653,-122.9052,1050
Santa Susana,Ventura,CA,34.258,-118.6662,1050
Lake Riverside,Riverside,CA,33.5173,-116.8107,1049
Beale AFB,Yuba,CA,39.1095,-121.3543,1039
Thornton,San Joaquin,CA,38.231,-121.425,1038
Cedar Ridge,Tuolumne,CA,38.0661,-120.2737,1037
West Park,Fresno,CA,36.7055,-119.8516,1035
Lake Don Pedro,Mariposa,CA,37.6461,-120.3367,1030
Sultana,Tulare,CA,36.5464,-119.3359,1030
Camanche North Shore,Amador,CA,38.2442,-120.9538,1029
Teviston,Tulare,CA,35.929,-119.2783,1027
Pasatiempo,Santa Cruz,CA,37.0035,-122.0265,1018
Kernville,Kern,CA,35.7531,-118.4321,1007
Chalfant,Mono,CA,37.5105,-118.375,999
Mount Hermon,Santa Cruz,CA,37.0511,-122.0533,998
Cohasset,Butte,CA,39.9022,-121.7453,990
Norris Canyon,Contra Costa,CA,37.7454,-121.9878,987
East Tulare Villa,Tulare,CA,36.2035,-119.2821,980
Hydesville,Humboldt,CA,40.5579,-124.0822,978
Tulelake,Siskiyou,CA,41.9534,-121.4752,978
Whitewater,Riverside,CA,33.9356,-116.6873,976
Green Valley,Los Angeles,CA,34.6172,-118.4059,973
Sunol,Alameda,CA,37.5894,-121.8854,962
East Orosi,Tulare,CA,36.5481,-119.2599,955
Taft Mosswood,San Joaquin,CA,37.9139,-121.2831,951
North Edwards,Kern,CA,35.0474,-117.8093,944
Tuttletown,Tuolumne,CA,38.0003,-120.4503,941
Soda Bay,Lake,CA,39.0024,-122.7794,941
Zayante,Santa Cruz,CA,37.0889,-122.0414,939
Silverado Resort,Napa,CA,38.3536,-122.2556,937
Butte Creek Canyon,Butte,CA,39.749,-121.6968,931
Julian,San Diego,CA,33.0735,-116.5889,930
Geyserville,Sonoma,CA,38.7173,-122.9034,928
Penryn,Placer,CA,38.8478,-121.1699,925
Summerland,Santa Barbara,CA,34.4255,-119.5893,923
Hopland,Mendocino,CA,38.9691,-123.1173,921
Fieldbrook,Humboldt,CA,40.9722,-124.025,921
Talmage,Mendocino,CA,39.1314,-123.1648,921
Cobb,Lake,CA,38.8356,-122.723,920
Deer Park,Napa,CA,38.536,-122.4679,906
Fruitdale,Santa Clara,CA,37.3116,-121.9357,899
Dorris,Siskiyou,CA,41.9644,-121.9205,897
Rolling Hills,Madera,CA,36.9042,-119.7968,896
Blacklake,San Luis Obispo,CA,35.0497,-120.5387,892
Acalanes Ridge,Contra Costa,CA,37.9046,-122.0786,889
Crowley Lake,Mono,CA,37.5692,-118.7465,889
Lompico,Santa Cruz,CA,37.1101,-122.0523,887
Tonyville,Tulare,CA,36.2474,-119.0903,881
Stratford,Kings,CA,36.1884,-119.8224,878
Springville,Tulare,CA,36.1168,-118.8345,872
Knights Landing,Yolo,CA,38.7979,-121.7175,869
Tahoma,Placer,CA,39.0633,-120.1438,867
Challenge-Brownsville,Yuba,CA,39.4646,-121.2632,864
Plainview,Tulare,CA,36.1423,-119.1375,863
Walker,Mono,CA,38.5341,-119.4582,863
Boonville,Mendocino,CA,39.0115,-123.374,852
Isleton,Sacramento,CA,38.1617,-121.6051,844
Fuller Acres,Kern,CA,35.3023,-118.9143,841
Diablo Grande,Stanislaus,CA,37.4006,-121.2699,841
Tranquillity,Fresno,CA,36.648,-120.2525,839
Westley,Stanislaus,CA,37.5444,-121.2035,838
Aguanga,Riverside,CA,33.4522,-116.8555,835
Manila,Humboldt,CA,40.8513,-124.1631,834
Occidental,Sonoma,CA,38.4004,-122.9349,833
Los Olivos,Santa Barbara,CA,34.6647,-120.118,831
Fort Dick,Del Norte,CA,41.8663,-124.1526,830
Rough and Ready,Nevada,CA,39.234,-121.1381,828
Caspar,Mendocino,CA,39.3631,-123.8044,812
Happy Camp,Siskiyou,CA,41.8104,-123.3892,810
McClellan Park,Sacramento,CA,38.6631,-121.4015,809
Cleone,Mendocino,CA,39.4927,-123.7812,804
Kenwood,Sonoma,CA,38.4153,-122.5387,800
Mountain Gate,Shasta,CA,40.7184,-122.3262,794
Catheys Valley,Mariposa,CA,37.4371,-120.0936,794
Dollar Point,Placer,CA,39.1905,-120.1089,786
Fort Washington,Fresno,CA,36.8793,-119.7613,783
Mendocino,Mendocino,CA,39.311,-123.7908,782
Lake of the Woods,Kern,CA,34.8226,-119.0027,768
Bootjack,Mariposa,CA,37.4672,-119.8887,768
Alto,Marin,CA,37.9056,-122.5186,765
New Cuyama,Santa Barbara,CA,34.9421,-119.6808,763
Middletown,Lake,CA,38.7518,-122.6221,757
Concow,Butte,CA,39.7733,-121.5196,743
Inyokern,Kern,CA,35.6546,-117.8212,740
Traver,Tulare,CA,36.4526,-119.4824,740
Alhambra Valley,Contra Costa,CA,37.9665,-122.132,739
Bodega Bay,Sonoma,CA,38.325,-123.0308,733
Glen Ellen,Sonoma,CA,38.3564,-122.5412,727
Lytle Creek,San Bernardino,CA,34.2499,-117.5044,724
Waterloo,San Joaquin,CA,38.0365,-121.1846,719
Etna,Siskiyou,CA,41.4582,-122.8946,718
La Honda,San Mateo,CA,37.3182,-122.2651,711
Indio Hills,Riverside,CA,33.8411,-116.2484,708
Loyalton,Sierra,CA,39.6768,-120.2448,702
Fort Jones,Siskiyou,CA,41.6085,-122.8411,692
Seville,Tulare,CA,36.4856,-119.2247,691
Junction City,Trinity,CA,40.7274,-123.0615,688
Greeley Hill,Mariposa,CA,37.7569,-120.1291,687
Indianola,Humboldt,CA,40.8133,-124.0808,686
Linnell Camp,Tulare,CA,36.3089,-119.2225,686
Millville,Shasta,CA,40.5576,-122.1696,682
Clyde,Contra Costa,CA,38.0253,-122.0278,676
Loleta,Humboldt,CA,40.6409,-124.2225,676
Cold Springs,El Dorado,CA,38.7468,-120.8761,675
Coloma,El Dorado,CA,38.8026,-120.8946,673
Miranda,Humboldt,CA,40.2289,-123.8173,672
Douglas City,Trinity,CA,40.6636,-122.9261,668
Smith Corner,Kern,CA,35.4788,-119.2771,664
Tres Pinos,San Benito,CA,36.7904,-121.3105,662
Dobbins,Yuba,CA,39.3657,-121.2127,662
Delft Colony,Tulare,CA,36.512,-119.4465,653
Ducor,Tulare,CA,35.8943,-119.0456,651
Mokelumne Hill,Calaveras,CA,38.3057,-120.7061,637
Smith River,Del Norte,CA,41.9249,-124.1494,632
Potrero,San Diego,CA,32.6131,-116.6068,625
Doyle,Lassen,CA,40.0275,-120.1172,622
Gasquet,Del Norte,CA,41.8429,-123.9733,620
Camanche Village,Amador,CA,38.2662,-120.9866,620
Desert Shores,Imperial,CA,33.4041,-116.0394,619
Valley Acres,Kern,CA,35.2087,-119.4106,617
Klamath,Del Norte,CA,41.5322,-124.0063,617
Lakehead,Shasta,CA,40.9007,-122.3924,617
Hamilton Branch,Plumas,CA,40.2772,-121.0961,612
River Pines,Amador,CA,38.5454,-120.7475,607
Baker,San Bernardino,CA,35.2769,-116.0718,607
Patton Village,Lassen,CA,40.1401,-120.1778,604
Lockwood,Monterey,CA,35.9412,-121.0802,604
Peters,San Joaquin,CA,37.9763,-121.044,604
Scotia,Humboldt,CA,40.4774,-124.1032,602
Graeagle,Plumas,CA,39.7572,-120.6486,596
Dustin Acres,Kern,CA,35.2159,-119.375,590
Onyx,Kern,CA,35.6839,-118.2102,588
Lake Hughes,Los Angeles,CA,34.6833,-118.4588,587
Grangeville,Kings,CA,36.3439,-119.7075,586
Mesa Verde,Riverside,CA,33.5957,-114.7317,584
San Simeon,San Luis Obispo,CA,35.6182,-121.1375,583
West Point,Calaveras,CA,38.4043,-120.5374,571
Cowan,Stanislaus,CA,37.5601,-120.9888,570
West Goshen,Tulare,CA,36.349,-119.4516,567
Fulton,Sonoma,CA,38.4937,-122.7734,566
Hickman,Stanislaus,CA,37.6228,-120.7532,566
Madison,Yolo,CA,38.675,-121.9702,563
Calpella,Mendocino,CA,39.2322,-123.197,562
Avery,Calaveras,CA,38.1939,-120.379,559
North Gate,Contra Costa,CA,37.9062,-121.9981,559
Stinson Beach,Marin,CA,37.9051,-122.6456,556
San Ardo,Monterey,CA,36.0237,-120.9074,554
Friant,Fresno,CA,36.9848,-119.713,548
Paradise Park,Santa Cruz,CA,37.0063,-122.0425,543
Independence,Inyo,CA,36.8274,-118.2132,542
Los Berros,San Luis Obispo,CA,35.0809,-120.545,541
Forest Ranch,Butte,CA,39.8952,-121.6705,538
Courtland,Sacramento,CA,38.3329,-121.557,537
Round Valley,Inyo,CA,37.4067,-118.5819,533
Allensworth,Tulare,CA,35.8498,-119.3893,527
Buena Vista,Amador,CA,38.2974,-120.9179,526
Coleville,Mono,CA,38.5834,-119.516,515
Niland,Imperial,CA,33.2387,-115.5146,515
Edmundson Acres,Kern,CA,35.2273,-118.8233,514
Delleker,Plumas,CA,39.8101,-120.4969,514
Butte Valley,Butte,CA,39.6571,-121.6363,510
June Lake,Mono,CA,37.7677,-119.1022,508
Shelter Cove,Humboldt,CA,40.0389,-124.0558,501
Bass Lake,Madera,CA,37.328,-119.5668,500
Shaver Lake,Fresno,CA,37.0971,-119.3245,498
Canby,Modoc,CA,41.4477,-120.8843,497
California Pines,Modoc,CA,41.4117,-120.6605,488
Alta,Placer,CA,39.2138,-120.8033,485
Grenada,Siskiyou,CA,41.6406,-122.526,477
Ballard,Santa Barbara,CA,34.634,-120.1156,473
Bodega,Sonoma,CA,38.3488,-122.9712,473
San Lucas,Monterey,CA,36.1283,-121.0217,472
San Geronimo,Marin,CA,38.0068,-122.6634,466
Bridgeport,Mono,CA,38.2562,-119.2123,464
Carnelian Bay,Placer,CA,39.2346,-120.0767,463
Bend,Tehama,CA,40.2561,-122.2095,457
Point Arena,Mendocino,CA,38.9123,-123.6955,449
Boulevard,San Diego,CA,32.664,-116.2896,445
Victor,San Joaquin,CA,38.1385,-121.1987,444
Clarksburg,Yolo,CA,38.4193,-121.5416,442
French Gulch,Shasta,CA,40.7166,-122.6312,441
Yettem,Tulare,CA,36.4866,-119.2549,441
Lindcove,Tulare,CA,36.3595,-119.0721,438
Potter Valley,Mendocino,CA,39.319,-123.1123,437
Hiouchi,Del Norte,CA,41.7936,-124.0662,433
Mad River,Trinity,CA,40.4325,-123.4917,432
Wilkerson,Inyo,CA,37.2794,-118.3877,431
Keswick,Shasta,CA,40.6135,-122.4606,430
Yolo,Yolo,CA,38.7405,-121.8093,429
Nord,Butte,CA,39.774,-121.9549,426
Oak Glen,San Bernardino,CA,34.0448,-116.9497,420
Lake Almanor Peninsula,Plumas,CA,40.2812,-121.1345,416
Bombay Beach,Imperial,CA,33.3548,-115.7307,415
Terminous,San Joaquin,CA,38.1154,-121.4896,411
Ripley,Riverside,CA,33.5238,-114.6531,408
Rio Oso,Sutter,CA,38.9518,-121.531,406
Meridian,Sutter,CA,39.1404,-121.9079,405
Ballico,Merced,CA,37.4519,-120.7037,401
Sand City,Monterey,CA,36.6189,-121.8478,399
Raisin City,Fresno,CA,36.6033,-119.9092,389
Bloomfield,Sonoma,CA,38.3183,-122.8502,387
McArthur,Shasta,CA,41.0415,-121.4068,386
Spreckels,Monterey,CA,36.6247,-121.6465,385
Derby Acres,Kern,CA,35.2439,-119.6039,380
Monson,Tulare,CA,36.4927,-119.3358,380
Tehama,Tehama,CA,40.0218,-122.1269,373
Bangor,Butte,CA,39.3761,-121.4117,372
Manton,Tehama,CA,40.4202,-121.854,372
Centerville,Fresno,CA,36.7361,-119.4961,366
Diablo,Contra Costa,CA,37.8408,-121.9565,364
Mexican Colony,Kern,CA,35.4689,-119.2687,363
Meadow Valley,Plumas,CA,39.9322,-121.0831,362
Cedarville,Modoc,CA,41.528,-120.1748,360
Grimes,Colusa,CA,39.0742,-121.8988,358
Cressey,Merced,CA,37.421,-120.6556,356
Salton Sea Beach,Imperial,CA,33.3759,-116.0115,355
Trinidad,Humboldt,CA,41.0589,-124.1434,355
Garden Farms,San Luis Obispo,CA,35.4158,-120.614,345
Newell,Modoc,CA,41.8897,-121.3675,342
Burnt Ranch,Trinity,CA,40.811,-123.5082,338
Plumas Eureka,Plumas,CA,39.7982,-120.6645,333
Stevinson,Merced,CA,37.3247,-120.8497,331
Sierra Village,Tuolumne,CA,38.0768,-120.1624,330
Fiddletown,Amador,CA,38.5091,-120.7605,329
North San Juan,Nevada,CA,39.3719,-121.106,328
El Nido,Merced,CA,37.1324,-120.4985,328
Fields Landing,Humboldt,CA,40.7249,-124.2176,325
Robbins,Sutter,CA,38.8672,-121.7055,321
Nipinnawasee,Madera,CA,37.4031,-119.7293,319
Clipper Mills,Butte,CA,39.5324,-121.1666,319
Mesa,Inyo,CA,37.4189,-118.5424,317
Anchor Bay,Mendocino,CA,38.8126,-123.5704,314
Benton,Mono,CA,37.8189,-118.4844,313
Keene,Kern,CA,35.233,-118.6103,313
Tooleville,Tulare,CA,36.2878,-119.1154,309
Stirling City,Butte,CA,39.9065,-121.5361,307
Groveland,Tuolumne,CA,37.8325,-120.2394,307
Hood,Sacramento,CA,38.3693,-121.5155,303
Lake Almanor Country Club,Plumas,CA,40.2578,-121.147,302
Albion,Mendocino,CA,39.2256,-123.7564,302
Yankee Hill,Butte,CA,39.7007,-121.5147,301
Martell,Amador,CA,38.3623,-120.8039,300
Sierra Brooks,Sierra,CA,39.6426,-120.2153,299
Princeton,Colusa,CA,39.4029,-122.0212,297
Trowbridge,Sutter,CA,38.9264,-121.5148,296
Orick,Humboldt,CA,41.2909,-124.0692,296
Acampo,San Joaquin,CA,38.1735,-121.2798,294
Las Flores,Tehama,CA,40.0722,-122.1573,294
Mineral,Tehama,CA,40.3755,-121.5694,292
Artois,Glenn,CA,39.6332,-122.1898,292
Monterey Park Tract,Stanislaus,CA,37.5268,-121.0115,291
Point Reyes Station,Marin,CA,38.0847,-122.8093,290
Cazadero,Sonoma,CA,38.5265,-123.0978,288
Crescent Mills,Plumas,CA,40.1008,-120.9217,287
Elmira,Solano,CA,38.3523,-121.9077,285
Samoa,Humboldt,CA,40.8146,-124.1893,284
Greenview,Siskiyou,CA,41.5471,-122.9185,283
Rail Road Flat,Calaveras,CA,38.3168,-120.491,283
Oak Shores,San Luis Obispo,CA,35.7624,-120.9817,282
Trinity Village,Trinity,CA,40.8789,-123.5133,279
Mesa Vista,Alpine,CA,38.8103,-119.8033,278
Crows Landing,Stanislaus,CA,37.3947,-121.0843,278
Fall River Mills,Shasta,CA,41.0069,-121.4401,273
Cantua Creek,Fresno,CA,36.5001,-120.3164,273
Richfield,Tehama,CA,39.9738,-122.1732,272
Weott,Humboldt,CA,40.3226,-123.9209,271
El Portal,Mariposa,CA,37.6736,-119.799,268
Lemon Cove,Tulare,CA,36.379,-119.0312,267
Davenport,Santa Cruz,CA,37.0176,-122.1882,264
Desert Center,Riverside,CA,33.7378,-115.3666,264
Pajaro Dunes,Santa Cruz,CA,36.8722,-121.8101,255
East Nicolaus,Sutter,CA,38.91,-121.5443,254
Greenhorn,Plumas,CA,39.903,-120.759,254
Tomales,Marin,CA,38.247,-122.9054,253
Cromberg,Plumas,CA,39.8684,-120.6904,253
Taylorsville,Plumas,CA,40.0586,-120.8387,244
Muir Beach,Marin,CA,37.8654,-122.5858,242
Dos Palos Y,Merced,CA,37.0466,-120.6394,242
La Vina,Madera,CA,36.8799,-120.1147,239
College City,Colusa,CA,39.0063,-122.0068,239
Lanare,Fresno,CA,36.4377,-119.9322,234
Topaz,Mono,CA,38.6587,-119.5274,234
Clear Creek,Lassen,CA,40.3023,-121.0531,226
Pescadero,San Mateo,CA,37.2507,-122.3725,226
Forbestown,Butte,CA,39.53,-121.2689,221
Dillon Beach,Marin,CA,38.2436,-122.956,219
Swall Meadows,Mono,CA,37.5061,-118.6426,218
Calpine,Sierra,CA,39.6633,-120.4436,216
Volta,Merced,CA,37.0875,-120.9235,216
Hornbrook,Siskiyou,CA,41.9079,-122.5596,215
Waukena,Tulare,CA,36.1361,-119.511,215
Beckwourth,Plumas,CA,39.8485,-120.4111,214
Olancha,Inyo,CA,36.2704,-118.0015,213
Three Rocks,Fresno,CA,36.5051,-120.3936,210
Vina,Tehama,CA,39.9343,-122.0518,210
Winterhaven,Imperial,CA,32.7372,-114.6378,210
Chinese Camp,Tuolumne,CA,37.8703,-120.4443,206
Dorrington,Calaveras,CA,38.2949,-120.2706,205
Bear Valley,Mariposa,CA,37.5671,-120.1229,203
Jacumba,San Diego,CA,32.6278,-116.1826,202
Valley Home,Stanislaus,CA,37.8272,-120.9144,202
Industry,Los Angeles,CA,34.0175,-117.9267,202
Adin,Modoc,CA,41.1964,-120.9494,201
Philo,Mendocino,CA,39.0657,-123.4452,201
Manchester,Mendocino,CA,38.9744,-123.6909,199
Wawona,Mariposa,CA,37.5482,-119.6395,196
Dutch Flat,Placer,CA,39.208,-120.8345,196
Bowles,Fresno,CA,36.6089,-119.7526,194
Cherokee Strip,Kern,CA,35.4698,-119.2617,191
Elk Creek,Glenn,CA,39.6002,-122.5376,191
Amador City,Amador,CA,38.419,-120.8232,190
Rackerby,Butte,CA,39.4261,-121.3542,189
Little River,Mendocino,CA,39.2703,-123.7817,189
Oakville,Napa,CA,38.4384,-122.4067,188
Big Creek,Fresno,CA,37.2036,-119.2486,188
Verdi,Sierra,CA,39.5237,-120.0164,187
Port Costa,Contra Costa,CA,38.0446,-122.185,186
Tupman,Kern,CA,35.2987,-119.3575,186
Paradise,Mono,CA,37.4829,-118.6021,186
Coffee Creek,Trinity,CA,41.0802,-122.7136,186
Edna,San Luis Obispo,CA,35.2108,-120.606,186
Vallecito,Calaveras,CA,38.074,-120.4564,183
Westside,Fresno,CA,36.4042,-120.1341,182
Milford,Lassen,CA,40.1634,-120.3686,181
Fort Bidwell,Modoc,CA,41.8629,-120.1589,181
Litchfield,Lassen,CA,40.3877,-120.3809,178
Bieber,Lassen,CA,41.1251,-121.1336,178
Cassel,Shasta,CA,40.9213,-121.5514,176
Guinda,Yolo,CA,38.8275,-122.1985,175
Flournoy,Tehama,CA,39.9284,-122.4461,171
East Shore,Plumas,CA,40.2451,-121.0768,169
Pike,Sierra,CA,39.4278,-120.9996,167
Nicolaus,Sutter,CA,38.8981,-121.5729,166
Proberta,Tehama,CA,40.0762,-122.1776,165
Hyampom,Trinity,CA,40.6262,-123.4689,165
Hat Creek,Shasta,CA,40.8101,-121.4809,164
Whitley Gardens,San Luis Obispo,CA,35.6571,-120.5068,164
Smartsville,Yuba,CA,39.2053,-121.2928,163
Camptonville,Yuba,CA,39.4521,-121.0488,162
Bluewater,San Bernardino,CA,34.176,-114.264,161
Trinity Center,Trinity,CA,40.9841,-122.7083,161
Benbow,Humboldt,CA,40.0603,-123.7654,161
Garey,Santa Barbara,CA,34.8869,-120.3141,160
Bear Creek,Merced,CA,37.2966,-120.4177,157
Alderpoint,Humboldt,CA,40.1614,-123.6157,157
Alpine Village,Alpine,CA,38.7856,-119.8009,155
Sierra City,Sierra,CA,39.574,-120.6297,152
Moskowite Corner,Riverside,CA,38.4464,-122.1945,151
Pine Flat,Tulare,CA,35.8737,-118.6427,149
Timber Cove,Sonoma,CA,38.541,-123.259,149
Valley Ford,Sonoma,CA,38.3246,-122.9148,148
Sisquoc,Santa Barbara,CA,34.8622,-120.2943,148
Chilcoot-Vinton,Plumas,CA,39.8067,-120.1388,147
Tecopa,Inyo,CA,35.835,-116.2074,146
Fairhaven,Humboldt,CA,40.7885,-124.2013,145
Ruth,Trinity,CA,40.2943,-123.3483,145
Markleeville,Alpine,CA,38.6841,-119.8225,143
Cherokee,Butte,CA,39.6514,-121.5344,139
Mettler,Kern,CA,35.0635,-118.9729,138
Johannesburg,Kern,CA,35.3718,-117.642,138
Stonyford,Colusa,CA,39.3703,-122.5445,136
Honcut,Butte,CA,39.3326,-121.5388,135
Daphnedale Park,Modoc,CA,41.5089,-120.5507,135
Furnace Creek,Inyo,CA,36.4277,-116.8747,127
McKittrick,Kern,CA,35.2981,-119.6249,127
Lodoga,Colusa,CA,39.3041,-122.5058,126
Lake Almanor West,Plumas,CA,40.2336,-121.2021,126
Big Lagoon,Humboldt,CA,41.1592,-124.1303,118
Franklin,Sacramento,CA,38.3675,-121.4616,117
Downieville,Sierra,CA,39.5701,-120.8213,114
Loma Mar,San Mateo,CA,37.2658,-122.3007,114
Round Mountain,Shasta,CA,40.8005,-121.9376,112
Casmalia,Santa Barbara,CA,34.8376,-120.5311,111
Vernon,Los Angeles,CA,34.0019,-118.2106,110
Spaulding,Lassen,CA,40.6557,-120.7863,110
Cold Springs,Tuolumne,CA,38.1613,-120.0535,108
Bradley,Monterey,CA,35.8628,-120.8042,107
Nicasio,Marin,CA,38.0605,-122.7008,106
Macdoel,Siskiyou,CA,41.8258,-122.0058,105
Paskenta,Tehama,CA,39.8833,-122.5458,105
Monmouth,Fresno,CA,36.5656,-119.7405,103
Sierraville,Sierra,CA,39.575,-120.3637,103
Snelling,Merced,CA,37.5216,-120.4387,101
Richvale,Butte,CA,39.4937,-121.7507,99
Mono City,Mono,CA,38.0412,-119.1467,98
C-Road,Plumas,CA,39.7628,-120.577,97
Big Bend,Shasta,CA,41.0109,-121.924,96
Long Barn,Tuolumne,CA,38.0957,-120.1285,93
Fish Camp,Mariposa,CA,37.4797,-119.6373,90
Farmington,San Joaquin,CA,37.9299,-121.0043,89
Lee Vining,Mono,CA,37.9547,-119.1221,89
Rodriguez Camp,Tulare,CA,35.809,-119.1388,87
Palo Verde,Imperial,CA,33.4279,-114.7273,85
Comptche,Mendocino,CA,39.2651,-123.5896,83
Sereno del Mar,Sonoma,CA,38.3836,-123.0732,82
Eagleville,Modoc,CA,41.3191,-120.1147,81
Freeport,Sacramento,CA,38.4636,-121.5022,81
Sunny Slopes,Mono,CA,37.5694,-118.6759,80
Mount Hebron,Siskiyou,CA,41.7855,-122.0083,78
Sattley,Sierra,CA,39.6265,-120.4357,77
Lookout,Modoc,CA,41.21,-121.1545,76
Kirkwood,Alpine,CA,38.693,-120.064,76
Mabie,Plumas,CA,39.7771,-120.5447,74
Kingvale,Nevada,CA,39.3203,-120.4387,73
Rutherford,Napa,CA,38.4568,-122.4231,72
Phillipsville,Humboldt,CA,40.2117,-123.7844,72
New Pine Creek,Modoc,CA,41.9872,-120.3009,71
Aspen Springs,Mono,CA,37.55,-118.7087,67
Whitehawk,Plumas,CA,39.7206,-120.5536,66
Canyondam,Plumas,CA,40.1699,-121.0769,66
El Rancho,Tulare,CA,36.2207,-119.069,65
Lake Davis,Plumas,CA,39.8564,-120.463,65
Clio,Plumas,CA,39.7487,-120.5725,65
Randsburg,Kern,CA,35.368,-117.6607,64
Tuttle,Merced,CA,37.2965,-120.3789,63
Mohawk Vista,Plumas,CA,39.8048,-120.5883,63
Leggett,Mendocino,CA,39.8635,-123.7253,62
Moss Landing,Monterey,CA,36.8019,-121.7872,61
Montgomery Creek,Shasta,CA,40.8415,-121.9215,61
Hornitos,Mariposa,CA,37.5034,-120.242,61
Iron Horse,Plumas,CA,39.7805,-120.4823,60
Lake City,Modoc,CA,41.646,-120.2255,59
Ocotillo,Imperial,CA,32.7431,-116.002,58
Bear Valley,Alpine,CA,38.4722,-120.0491,58
Darwin,Inyo,CA,36.2689,-117.589,56
Indian Falls,Plumas,CA,40.0587,-120.9803,54
Paynes Creek,Tehama,CA,40.3409,-121.9174,53
Washington,Nevada,CA,39.3591,-120.7906,53
Butte Meadows,Butte,CA,40.0871,-121.537,53
Buck Meadows,Mariposa,CA,37.8127,-120.0653,51
Fellows,Kern,CA,35.1779,-119.5472,49
Carrick,Siskiyou,CA,41.4467,-122.3635,47
Gazelle,Siskiyou,CA,41.5137,-122.5215,46
Volcano,Amador,CA,38.4456,-120.6306,44
Panorama Heights,Tulare,CA,35.8068,-118.627,42
Keddie,Plumas,CA,40.0059,-120.9525,41
McClenney Tract,Tulare,CA,35.822,-118.6478,41
Edgewood,Siskiyou,CA,41.462,-122.426,40
Coulterville,Mariposa,CA,37.7105,-120.1992,38
Trona,Inyo,CA,35.815,-117.3449,37
California Hot Springs,Tulare,CA,35.8863,-118.6561,36
Robinson Mill,Butte,CA,39.4857,-121.3202,35
Homewood Canyon,Inyo,CA,35.89,-117.3863,35
Old Station,Shasta,CA,40.6722,-121.4228,35
Twain,Plumas,CA,40.0355,-121.0404,33
Jenner,Sonoma,CA,38.4511,-123.1203,32
Alleghany,Sierra,CA,39.4666,-120.841,30
Creston,San Luis Obispo,CA,35.5173,-120.5211,30
Hardwick,Kings,CA,36.4026,-119.7208,30
Pearsonville,Inyo,CA,35.8188,-117.8755,29
Goodyears Bar,Sierra,CA,39.5458,-120.8881,29
Sequoia Crest,Tulare,CA,36.1858,-118.6256,28
Prattville,Plumas,CA,40.206,-121.1575,28
Blairsden,Plumas,CA,39.7752,-120.6109,25
Redcrest,Humboldt,CA,40.3987,-123.9474,23
Soda Springs,Nevada,CA,39.3248,-120.3784,21
Kennedy Meadows,Tulare,CA,36.0076,-118.11,20
Salmon Creek,Sonoma,CA,38.3463,-123.0595,20
Nubieber,Lassen,CA,41.0967,-121.1816,20
Drytown,Amador,CA,38.4382,-120.8565,20
Floriston,Nevada,CA,39.393,-120.0145,20
Little Valley,Lassen,CA,40.893,-121.1781,18
Tennant,Siskiyou,CA,41.5815,-121.9151,18
Keeler,Inyo,CA,36.4846,-117.872,15
Bucks Lake,Plumas,CA,39.8798,-121.1941,15
Shoshone,Inyo,CA,35.951,-116.3055,13
Spring Garden,Plumas,CA,39.9012,-120.7935,13
Valley Ranch,Plumas,CA,39.7403,-120.5649,10
Sugarloaf Village,Tulare,CA,35.8269,-118.6354,10
Cuyama,Santa Barbara,CA,34.9312,-119.6148,9
Cartago,Inyo,CA,36.3123,-118.0261,7
Strawberry,Tuolumne,CA,38.1986,-120.0108,5
Poso Park,Tulare,CA,35.8114,-118.6364,2
Tobin,Plumas,CA,39.9361,-121.2959,0
Likely,Modoc,CA,41.2254,-120.5033,0
Carmet,Sonoma,CA,38.3743,-123.072,0
Cedar Slope,Tulare,CA,36.1436,-118.577,0
Hartland,Tulare,CA,36.6518,-118.9552,0
Posey,Tulare,CA,35.8039,-118.6786,0
Gold Mountain,Plumas,CA,39.7613,-120.5191,0
Paxton,Plumas,CA,40.0334,-121.003,0
Myers Flat,Humboldt,CA,40.2666,-123.8737,0
Silver City,Tulare,CA,36.4638,-118.6508,0
Almanor,Plumas,CA,40.2146,-121.1762,0
Wilsonia,Tulare,CA,36.7346,-118.9559,0
Camp Nelson,Tulare,CA,36.142,-118.6107,0
Little Grass Valley,Plumas,CA,39.7252,-120.9591,0
Ponderosa,Tulare,CA,36.105,-118.5293,0
McGee Creek,Mono,CA,37.5727,-118.791,0
University of California-Merced,Merced,CA,37.3666,-120.4191,0
Belden,Plumas,CA,40.0039,-121.2542,0
La Porte,Plumas,CA,39.6725,-120.9852,0
Idlewild,Tulare,CA,35.8096,-118.6704,0
Warner Valley,Plumas,CA,40.3955,-121.3174,0
Pierpoint,Tulare,CA,36.1405,-118.6296,0
Graniteville,Nevada,CA,39.4443,-120.736,0
Valley Wells,Inyo,CA,35.8761,-117.3366,0
Mount Laguna,San Diego,CA,32.8711,-116.4247,0
Caribou,Plumas,CA,40.0764,-121.1613,0
Sugarloaf Saw Mill,Tulare,CA,35.8344,-118.6165,0
Johnsville,Plumas,CA,39.7663,-120.713,0
Mountain Center,Riverside,CA,33.7112,-116.7248,0